ID_Anuncio,Tipo_Operacion,Tipo_Inmueble,Fecha_Extraccion,Ubicación,Distrito,Precio_Original,Moneda,Precio_Soles,Mantenimiento,Precio_Total_Soles,Precio_m2,m2,Dormitorios,Banos,Cocheras,Piscina,Gym,Parrilla,Seguridad_24_7,Mascotas,Antiguedad,Características,URL,Página
4618731,Alquiler,Proyecto,2026-04-18,"San Isidro, Lima",San Isidro,"Departamentos desde S/ 2,750",PEN,2750.0,,,45.83,60,2.0,,,1,1,1,0,0,No especifica,160 un. | 1 a 2 dorm. | 45 a 60 m² tot.,https://urbania.pe/inmueble/proyecto/ememefin-proyecto-alquileres-semiamoblados-nomad-living-juan-de-arona-lima-san-isidro-ccla-nomad-living-4618731?n_src=Listado&n_pg=1&n_pos=3,1
147818750,Alquiler,Casa,2026-04-18,"San Isidro, Lima",San Isidro,"S/ 20,220 · USD 6,000",PEN,20220.0,,,45.64,443,7.0,2.0,,0,0,0,0,0,No especifica,443 m² tot. | 7 dorm. | 2 baños,https://urbania.pe/inmueble/clasificado/alclcain-alquiler-de-casa-en-san-isidro-lima-5-a-mas-dormitorios-147818750?n_src=Listado&n_pg=1&n_pos=4,1
64511623,Alquiler,Departamento,2026-04-18,"Miraflores, Lima",Miraflores,"S/ 15,980 · USD 4,700",PEN,15980.0,800.0,16780.0,71.02,225,3.0,2.0,3.0,1,1,0,0,1,No especifica,225 m² tot. | 3 dorm. | 2 baños | 3 estac.,https://urbania.pe/inmueble/clasificado/alclapin-alquiler-de-departamento-en-miraflores-lima-3-dormitorios-64511623?n_src=Listado&n_pills=Gimnasio&n_pg=1&n_pos=5,1
149576377,Alquiler,Casa,2026-04-18,"San Isidro, Lima",San Isidro,"S/ 24,700 · USD 6,500",PEN,24700.0,,,58.81,420,5.0,2.0,5.0,0,0,0,0,0,No especifica,420 m² tot. | 5 dorm. | 2 baños | 5 estac.,https://urbania.pe/inmueble/clasificado/alclcain-alquiler-de-casa-en-san-isidro-lima-5-a-mas-dormitorios-149576377?n_src=Listado&n_pills=Amoblado&n_pg=1&n_pos=6,1
148197652,Alquiler,Departamento,2026-04-18,"Malecón Cisneros, Miraflores",Miraflores,"S/ 4,704 · USD 1,400",PEN,4704.0,800.0,5504.0,32.44,145,3.0,2.0,1.0,0,0,0,0,0,No especifica,145 m² tot. | 3 dorm. | 2 baños | 1 estac.,https://urbania.pe/inmueble/clasificado/alclapin-alquiler-de-departamento-en-malecon-cisneros-miraflores-3-dormitorios-148197652?n_src=Listado&n_pills=Parrilla&n_pg=1&n_pos=7,1
149383626,Alquiler,Departamento,2026-04-18,"Miraflores, Lima",Miraflores,"S/ 3,200 · USD 914",PEN,3200.0,350.0,3550.0,38.1,84,2.0,2.0,1.0,0,0,0,1,0,No especifica,84 m² tot. | 2 dorm. | 2 baños | 1 estac.,https://urbania.pe/inmueble/clasificado/alclapin-alquiler-de-departamento-en-miraflores-lima-2-dormitorios-149383626?n_src=Listado&n_pills=Seguridad&n_pg=1&n_pos=8,1
149369085,Alquiler,Departamento,2026-04-18,"Orrantia, San Isidro",San Isidro,"S/ 2,900 · USD 852",PEN,2900.0,500.0,3400.0,30.53,95,2.0,1.0,1.0,0,0,0,0,1,No especifica,95 m² tot. | 2 dorm. | 1 baño | 1 estac.,https://urbania.pe/inmueble/clasificado/alclapin-alquiler-de-departamento-en-orrantia-san-isidro-2-dormitorios-149369085?n_src=Listado&n_pills=Ascensor&n_pg=1&n_pos=9,1
148834923,Alquiler,Departamento,2026-04-18,"El Sol De La Molina Et.1, La Molina",La Molina,"S/ 1,750 · USD 525",PEN,1750.0,,,43.75,40,2.0,1.0,1.0,0,0,0,0,1,No especifica,40 m² tot. | 2 dorm. | 1 baño | 1 estac.,https://urbania.pe/inmueble/clasificado/alclapin-alquiler-de-departamento-en-el-sol-de-la-molina-et1-la-molina-2-dormitorios-148834923?n_src=Listado&n_pg=1&n_pos=10,1
149397213,Alquiler,Departamento,2026-04-18,"San Isidro, Lima",San Isidro,"S/ 3,660 · USD 1,050",PEN,3660.0,275.0,3935.0,50.14,73,2.0,2.0,1.0,1,1,0,1,0,No especifica,73 m² tot. | 2 dorm. | 2 baños | 1 estac.,https://urbania.pe/inmueble/clasificado/alclapin-alquiler-de-departamento-en-san-isidro-lima-2-dormitorios-149397213?n_src=Listado&n_pills=Seguridad&n_pg=1&n_pos=11,1
149306837,Alquiler,Departamento,2026-04-18,"Miraflores, Lima",Miraflores,"S/ 2,400",PEN,2400.0,250.0,2650.0,34.78,69,2.0,1.0,,0,0,0,1,0,No especifica,69 m² tot. | 2 dorm. | 1 baño,https://urbania.pe/inmueble/clasificado/alclapin-alquiler-de-departamento-en-miraflores-lima-2-dormitorios-149306837?n_src=Listado&n_pills=Seguridad&n_pg=1&n_pos=12,1
149330573,Alquiler,Departamento,2026-04-18,"Miraflores, Lima",Miraflores,"S/ 3,700 · USD 1,100",PEN,3700.0,355.0,4055.0,40.22,92,2.0,2.0,1.0,0,0,0,0,0,20 anos,92 m² tot. | 2 dorm. | 2 baños | 1 estac.,https://urbania.pe/inmueble/clasificado/alclapin-alquiler-de-departamento-en-miraflores-lima-2-dormitorios-149330573?n_src=Listado&n_pills=%C3%81rea+de+lavander%C3%ADa&n_pg=1&n_pos=14,1
149444823,Alquiler,Departamento,2026-04-18,"Chacarilla Del Estanque, Santiago de Surco",Santiago de Surco,"S/ 11,040 · USD 3,200",PEN,11040.0,600.0,11640.0,32.47,340,3.0,4.0,2.0,0,0,0,0,0,No especifica,340 m² tot. | 3 dorm. | 4 baños | 2 estac.,https://urbania.pe/inmueble/clasificado/alclapin-alquiler-de-departamento-en-chacarilla-del-estanque-santiago-de-surco-3-dormitorios-149444823?n_src=Listado&n_pills=%C3%81rea+de+lavander%C3%ADa&n_pg=1&n_pos=15,1
147473595,Alquiler,Departamento,2026-04-18,"Miraflores, Lima",Miraflores,"S/ 3,696 · USD 1,100",PEN,3696.0,350.0,4046.0,28.43,130,3.0,3.0,1.0,0,0,0,0,0,No especifica,130 m² tot. | 3 dorm. | 3 baños | 1 estac.,https://urbania.pe/inmueble/clasificado/alclapin-alquiler-de-departamento-en-miraflores-lima-3-dormitorios-147473595?n_src=Listado&n_pills=Seguridad&n_pg=1&n_pos=16,1
149513410,Alquiler,Casa,2026-04-18,"Santa Rosa, Santiago de Surco",Santiago de Surco,"S/ 4,650 · USD 1,368",PEN,4650.0,,,50.54,92,9.0,5.0,,0,0,0,0,0,No especifica,92 m² tot. | 9 dorm. | 5 baños,https://urbania.pe/inmueble/clasificado/alclcain-alquiler-de-casa-en-santa-rosa-santiago-de-surco-5-a-mas-dormitorios-149513410?n_src=Listado&n_pills=Cerca+a+colegios&n_pg=1&n_pos=17,1
149364055,Alquiler,Casa,2026-04-18,"Miraflores, Lima",Miraflores,"S/ 91,000 · USD 26,000",PEN,91000.0,,,50.92,1787,,30.0,5.0,0,0,0,0,0,No especifica,1787 m² tot. | 30 baños | 5 estac.,https://urbania.pe/inmueble/clasificado/alclcain-alquiler-de-casa-en-miraflores-lima-149364055?n_src=Listado&n_pills=Guardian%C3%ADa%2FSeguridad+privada&n_pg=1&n_pos=18,1
147754733,Alquiler,Casa,2026-04-18,"Carabayllo, Lima",Carabayllo,"S/ 3,500 · USD 1,000",PEN,3500.0,,,15.91,220,5.0,3.0,2.0,0,0,0,0,0,No especifica,220 m² tot. | 5 dorm. | 3 baños | 2 estac.,https://urbania.pe/inmueble/clasificado/alclcain-alquiler-de-casa-en-carabayllo-lima-5-a-mas-dormitorios-147754733?n_src=Listado&n_pg=1&n_pos=19,1
66859696,Alquiler,Departamento,2026-04-18,"San Antonio, Miraflores",Miraflores,"S/ 3,000 · USD 900",PEN,3000.0,350.0,3350.0,38.46,78,1.0,1.0,1.0,0,0,0,0,0,No especifica,78 m² tot. | 1 dorm. | 1 baño | 1 estac.,https://urbania.pe/inmueble/clasificado/alclapin-alquiler-de-departamento-en-san-antonio-miraflores-1-dormitorio-66859696?n_src=Listado&n_pills=Amoblado&n_pg=1&n_pos=20,1
148198005,Alquiler,Departamento,2026-04-18,"Miraflores, Lima",Miraflores,"S/ 3,006 · USD 899",PEN,3006.0,180.0,3186.0,29.18,103,2.0,2.0,1.0,0,0,0,0,0,No especifica,103 m² tot. | 2 dorm. | 2 baños | 1 estac.,https://urbania.pe/inmueble/clasificado/alclapin-alquiler-de-departamento-en-miraflores-lima-2-dormitorios-148198005?n_src=Listado&n_pills=Seguridad&n_pg=1&n_pos=21,1
149506522,Alquiler,Departamento,2026-04-18,"San Isidro, Lima",San Isidro,"S/ 3,850 · USD 1,100",PEN,3850.0,200.0,4050.0,64.17,60,2.0,2.0,,0,0,0,1,0,No especifica,60 m² tot. | 2 dorm. | 2 baños,https://urbania.pe/inmueble/clasificado/alclapin-alquiler-de-departamento-en-san-isidro-lima-2-dormitorios-149506522?n_src=Listado&n_pills=Piscina&n_pg=1&n_pos=22,1
149320008,Alquiler,Departamento,2026-04-18,"Surquillo, Lima",Surquillo,"S/ 3,500 · USD 1,000",PEN,3500.0,,,43.75,80,2.0,2.0,1.0,0,1,1,0,0,No especifica,80 m² tot. | 2 dorm. | 2 baños | 1 estac.,https://urbania.pe/inmueble/clasificado/alclapin-alquiler-de-departamento-en-surquillo-lima-2-dormitorios-149320008?n_src=Listado&n_pills=Parrilla&n_pg=1&n_pos=23,1
149236811,Alquiler,Departamento,2026-04-18,"San Isidro, Lima",San Isidro,"S/ 3,325 · USD 950",PEN,3325.0,250.0,3575.0,72.28,46,1.0,1.0,,0,0,0,1,1,No especifica,46 m² tot. | 1 dorm. | 1 baño,https://urbania.pe/inmueble/clasificado/alclapin-alquiler-de-departamento-en-san-isidro-lima-1-dormitorio-149236811?n_src=Listado&n_pills=Seguridad&n_pg=1&n_pos=24,1
149383540,Alquiler,Departamento,2026-04-18,"San Miguel, Lima",San Miguel,"S/ 2,098 · USD 635",PEN,2098.0,300.0,2398.0,34.97,60,2.0,2.0,,1,1,1,0,0,No especifica,60 m² tot. | 2 dorm. | 2 baños,https://urbania.pe/inmueble/clasificado/alclapin-alquiler-de-departamento-en-san-miguel-lima-2-dormitorios-149383540?n_src=Listado&n_pills=%C3%81rea+de+lavander%C3%ADa&n_pg=1&n_pos=25,1
148945515,Alquiler,Departamento,2026-04-18,"Miraflores, Lima",Miraflores,"S/ 2,900",PEN,2900.0,,,44.62,65,1.0,1.0,1.0,0,0,0,0,0,No especifica,65 m² tot. | 1 dorm. | 1 baño | 1 estac.,https://urbania.pe/inmueble/clasificado/alclapin-alquiler-de-departamento-en-miraflores-lima-1-dormitorio-148945515?n_src=Listado&n_pills=Ascensor&n_pg=1&n_pos=28,1
149147405,Alquiler,Departamento,2026-04-18,"Miraflores, Lima",Miraflores,"S/ 3,790 · USD 1,100",PEN,3790.0,400.0,4190.0,37.9,100,3.0,1.0,1.0,0,0,0,0,0,No especifica,100 m² tot. | 3 dorm. | 1 baño | 1 estac.,https://urbania.pe/inmueble/clasificado/alclapin-alquiler-de-departamento-en-miraflores-lima-3-dormitorios-149147405?n_src=Listado&n_pills=Guardian%C3%ADa%2FSeguridad+privada&n_pg=1&n_pos=29,1
149176175,Alquiler,Departamento,2026-04-18,"Miraflores, Lima",Miraflores,"S/ 3,060 · USD 900",PEN,3060.0,350.0,3410.0,38.25,80,2.0,2.0,1.0,1,1,1,1,1,No especifica,80 m² tot. | 2 dorm. | 2 baños | 1 estac.,https://urbania.pe/inmueble/clasificado/alclapin-alquiler-de-departamento-en-miraflores-lima-2-dormitorios-149176175?n_src=Listado&n_pills=Seguridad&n_pg=1&n_pos=30,1
64511623,Alquiler,Departamento,2026-04-18,"Miraflores, Lima",Miraflores,"S/ 15,980 · USD 4,700",PEN,15980.0,800.0,16780.0,71.02,225,3.0,2.0,3.0,1,1,0,0,1,No especifica,225 m² tot. | 3 dorm. | 2 baños | 3 estac.,https://urbania.pe/inmueble/clasificado/alclapin-alquiler-de-departamento-en-miraflores-lima-3-dormitorios-64511623?n_src=Listado&n_pills=Cerca+a+colegios&n_pg=1&n_pos=5,2
148197652,Alquiler,Departamento,2026-04-18,"Malecón Cisneros, Miraflores",Miraflores,"S/ 4,704 · USD 1,400",PEN,4704.0,800.0,5504.0,32.44,145,3.0,2.0,1.0,0,0,0,0,0,No especifica,145 m² tot. | 3 dorm. | 2 baños | 1 estac.,https://urbania.pe/inmueble/clasificado/alclapin-alquiler-de-departamento-en-malecon-cisneros-miraflores-3-dormitorios-148197652?n_src=Listado&n_pills=Piscina&n_pg=1&n_pos=7,2
149397213,Alquiler,Departamento,2026-04-18,"San Isidro, Lima",San Isidro,"S/ 3,660 · USD 1,050",PEN,3660.0,275.0,3935.0,50.14,73,2.0,2.0,1.0,1,1,0,1,0,No especifica,73 m² tot. | 2 dorm. | 2 baños | 1 estac.,https://urbania.pe/inmueble/clasificado/alclapin-alquiler-de-departamento-en-san-isidro-lima-2-dormitorios-149397213?n_src=Listado&n_pills=%C3%81rea+de+lavander%C3%ADa&n_pg=1&n_pos=11,2
149306837,Alquiler,Departamento,2026-04-18,"Miraflores, Lima",Miraflores,"S/ 2,400",PEN,2400.0,250.0,2650.0,34.78,69,2.0,1.0,,0,0,0,1,0,No especifica,69 m² tot. | 2 dorm. | 1 baño,https://urbania.pe/inmueble/clasificado/alclapin-alquiler-de-departamento-en-miraflores-lima-2-dormitorios-149306837?n_src=Listado&n_pills=Guardian%C3%ADa%2FSeguridad+privada&n_pg=1&n_pos=12,2
66859696,Alquiler,Departamento,2026-04-18,"San Antonio, Miraflores",Miraflores,"S/ 3,000 · USD 900",PEN,3000.0,350.0,3350.0,38.46,78,1.0,1.0,1.0,0,0,0,0,0,No especifica,78 m² tot. | 1 dorm. | 1 baño | 1 estac.,https://urbania.pe/inmueble/clasificado/alclapin-alquiler-de-departamento-en-san-antonio-miraflores-1-dormitorio-66859696?n_src=Listado&n_pills=Cerca+a+colegios&n_pg=1&n_pos=20,2
148198005,Alquiler,Departamento,2026-04-18,"Miraflores, Lima",Miraflores,"S/ 3,006 · USD 899",PEN,3006.0,180.0,3186.0,29.18,103,2.0,2.0,1.0,0,0,0,0,0,No especifica,103 m² tot. | 2 dorm. | 2 baños | 1 estac.,https://urbania.pe/inmueble/clasificado/alclapin-alquiler-de-departamento-en-miraflores-lima-2-dormitorios-148198005?n_src=Listado&n_pills=%C3%81rea+de+lavander%C3%ADa&n_pg=1&n_pos=21,2
149506522,Alquiler,Departamento,2026-04-18,"San Isidro, Lima",San Isidro,"S/ 3,850 · USD 1,100",PEN,3850.0,200.0,4050.0,64.17,60,2.0,2.0,,0,0,0,1,0,No especifica,60 m² tot. | 2 dorm. | 2 baños,https://urbania.pe/inmueble/clasificado/alclapin-alquiler-de-departamento-en-san-isidro-lima-2-dormitorios-149506522?n_src=Listado&n_pills=Seguridad&n_pg=1&n_pos=22,2
149320008,Alquiler,Departamento,2026-04-18,"Surquillo, Lima",Surquillo,"S/ 3,500 · USD 1,000",PEN,3500.0,,,43.75,80,2.0,2.0,1.0,0,1,1,0,0,No especifica,80 m² tot. | 2 dorm. | 2 baños | 1 estac.,https://urbania.pe/inmueble/clasificado/alclapin-alquiler-de-departamento-en-surquillo-lima-2-dormitorios-149320008?n_src=Listado&n_pills=Piscina&n_pg=1&n_pos=23,2
149236811,Alquiler,Departamento,2026-04-18,"San Isidro, Lima",San Isidro,"S/ 3,325 · USD 950",PEN,3325.0,250.0,3575.0,72.28,46,1.0,1.0,,0,0,0,1,1,No especifica,46 m² tot. | 1 dorm. | 1 baño,https://urbania.pe/inmueble/clasificado/alclapin-alquiler-de-departamento-en-san-isidro-lima-1-dormitorio-149236811?n_src=Listado&n_pills=Ascensor&n_pg=1&n_pos=24,2
149383540,Alquiler,Departamento,2026-04-18,"San Miguel, Lima",San Miguel,"S/ 2,098 · USD 635",PEN,2098.0,300.0,2398.0,34.97,60,2.0,2.0,,1,1,1,0,0,No especifica,60 m² tot. | 2 dorm. | 2 baños,https://urbania.pe/inmueble/clasificado/alclapin-alquiler-de-departamento-en-san-miguel-lima-2-dormitorios-149383540?n_src=Listado&n_pills=Piscina&n_pg=1&n_pos=25,2
149147405,Alquiler,Departamento,2026-04-18,"Miraflores, Lima",Miraflores,"S/ 3,790 · USD 1,100",PEN,3790.0,400.0,4190.0,37.9,100,3.0,1.0,1.0,0,0,0,0,0,No especifica,100 m² tot. | 3 dorm. | 1 baño | 1 estac.,https://urbania.pe/inmueble/clasificado/alclapin-alquiler-de-departamento-en-miraflores-lima-3-dormitorios-149147405?n_src=Listado&n_pills=Amoblado&n_pg=1&n_pos=29,2
149176175,Alquiler,Departamento,2026-04-18,"Miraflores, Lima",Miraflores,"S/ 3,060 · USD 900",PEN,3060.0,350.0,3410.0,38.25,80,2.0,2.0,1.0,1,1,1,1,1,No especifica,80 m² tot. | 2 dorm. | 2 baños | 1 estac.,https://urbania.pe/inmueble/clasificado/alclapin-alquiler-de-departamento-en-miraflores-lima-2-dormitorios-149176175?n_src=Listado&n_pills=Amoblado&n_pg=1&n_pos=30,2
149576377,Alquiler,Casa,2026-04-18,"San Isidro, Lima",San Isidro,"S/ 24,700 · USD 6,500",PEN,24700.0,,,58.81,420,5.0,2.0,5.0,0,0,0,0,0,No especifica,420 m² tot. | 5 dorm. | 2 baños | 5 estac.,https://urbania.pe/inmueble/clasificado/alclcain-alquiler-de-casa-en-san-isidro-lima-5-a-mas-dormitorios-149576377?n_src=Listado&n_pills=%C3%81rea+de+lavander%C3%ADa&n_pg=1&n_pos=6,3
148197652,Alquiler,Departamento,2026-04-18,"Malecón Cisneros, Miraflores",Miraflores,"S/ 4,704 · USD 1,400",PEN,4704.0,800.0,5504.0,32.44,145,3.0,2.0,1.0,0,0,0,0,0,No especifica,145 m² tot. | 3 dorm. | 2 baños | 1 estac.,https://urbania.pe/inmueble/clasificado/alclapin-alquiler-de-departamento-en-malecon-cisneros-miraflores-3-dormitorios-148197652?n_src=Listado&n_pills=%C3%81rea+de+lavander%C3%ADa&n_pg=1&n_pos=7,3
149369085,Alquiler,Departamento,2026-04-18,"Orrantia, San Isidro",San Isidro,"S/ 2,900 · USD 852",PEN,2900.0,500.0,3400.0,30.53,95,2.0,1.0,1.0,0,0,0,0,1,No especifica,95 m² tot. | 2 dorm. | 1 baño | 1 estac.,https://urbania.pe/inmueble/clasificado/alclapin-alquiler-de-departamento-en-orrantia-san-isidro-2-dormitorios-149369085?n_src=Listado&n_pills=%C3%81rea+de+lavander%C3%ADa&n_pg=1&n_pos=9,3
149397213,Alquiler,Departamento,2026-04-18,"San Isidro, Lima",San Isidro,"S/ 3,660 · USD 1,050",PEN,3660.0,275.0,3935.0,50.14,73,2.0,2.0,1.0,1,1,0,1,0,No especifica,73 m² tot. | 2 dorm. | 2 baños | 1 estac.,https://urbania.pe/inmueble/clasificado/alclapin-alquiler-de-departamento-en-san-isidro-lima-2-dormitorios-149397213?n_src=Listado&n_pills=Parrilla&n_pg=1&n_pos=11,3
149330573,Alquiler,Departamento,2026-04-18,"Miraflores, Lima",Miraflores,"S/ 3,700 · USD 1,100",PEN,3700.0,355.0,4055.0,40.22,92,2.0,2.0,1.0,0,0,0,0,0,20 anos,92 m² tot. | 2 dorm. | 2 baños | 1 estac.,https://urbania.pe/inmueble/clasificado/alclapin-alquiler-de-departamento-en-miraflores-lima-2-dormitorios-149330573?n_src=Listado&n_pills=Ascensor&n_pg=1&n_pos=14,3
147473595,Alquiler,Departamento,2026-04-18,"Miraflores, Lima",Miraflores,"S/ 3,696 · USD 1,100",PEN,3696.0,350.0,4046.0,28.43,130,3.0,3.0,1.0,0,0,0,0,0,No especifica,130 m² tot. | 3 dorm. | 3 baños | 1 estac.,https://urbania.pe/inmueble/clasificado/alclapin-alquiler-de-departamento-en-miraflores-lima-3-dormitorios-147473595?n_src=Listado&n_pills=Ascensor&n_pg=1&n_pos=16,3
149513410,Alquiler,Casa,2026-04-18,"Santa Rosa, Santiago de Surco",Santiago de Surco,"S/ 4,650 · USD 1,368",PEN,4650.0,,,50.54,92,9.0,5.0,,0,0,0,0,0,No especifica,92 m² tot. | 9 dorm. | 5 baños,https://urbania.pe/inmueble/clasificado/alclcain-alquiler-de-casa-en-santa-rosa-santiago-de-surco-5-a-mas-dormitorios-149513410?n_src=Listado&n_pills=%C3%81rea+de+lavander%C3%ADa&n_pg=1&n_pos=17,3
149364055,Alquiler,Casa,2026-04-18,"Miraflores, Lima",Miraflores,"S/ 91,000 · USD 26,000",PEN,91000.0,,,50.92,1787,,30.0,5.0,0,0,0,0,0,No especifica,1787 m² tot. | 30 baños | 5 estac.,https://urbania.pe/inmueble/clasificado/alclcain-alquiler-de-casa-en-miraflores-lima-149364055?n_src=Listado&n_pills=Seguridad&n_pg=1&n_pos=18,3
66859696,Alquiler,Departamento,2026-04-18,"San Antonio, Miraflores",Miraflores,"S/ 3,000 · USD 900",PEN,3000.0,350.0,3350.0,38.46,78,1.0,1.0,1.0,0,0,0,0,0,No especifica,78 m² tot. | 1 dorm. | 1 baño | 1 estac.,https://urbania.pe/inmueble/clasificado/alclapin-alquiler-de-departamento-en-san-antonio-miraflores-1-dormitorio-66859696?n_src=Listado&n_pills=Ascensor&n_pg=1&n_pos=20,3
148198005,Alquiler,Departamento,2026-04-18,"Miraflores, Lima",Miraflores,"S/ 3,006 · USD 899",PEN,3006.0,180.0,3186.0,29.18,103,2.0,2.0,1.0,0,0,0,0,0,No especifica,103 m² tot. | 2 dorm. | 2 baños | 1 estac.,https://urbania.pe/inmueble/clasificado/alclapin-alquiler-de-departamento-en-miraflores-lima-2-dormitorios-148198005?n_src=Listado&n_pills=Amoblado&n_pg=1&n_pos=21,3
149506522,Alquiler,Departamento,2026-04-18,"San Isidro, Lima",San Isidro,"S/ 3,850 · USD 1,100",PEN,3850.0,200.0,4050.0,64.17,60,2.0,2.0,,0,0,0,1,0,No especifica,60 m² tot. | 2 dorm. | 2 baños,https://urbania.pe/inmueble/clasificado/alclapin-alquiler-de-departamento-en-san-isidro-lima-2-dormitorios-149506522?n_src=Listado&n_pills=Guardian%C3%ADa%2FSeguridad+privada&n_pg=1&n_pos=22,3
149176175,Alquiler,Departamento,2026-04-18,"Miraflores, Lima",Miraflores,"S/ 3,060 · USD 900",PEN,3060.0,350.0,3410.0,38.25,80,2.0,2.0,1.0,1,1,1,1,1,No especifica,80 m² tot. | 2 dorm. | 2 baños | 1 estac.,https://urbania.pe/inmueble/clasificado/alclapin-alquiler-de-departamento-en-miraflores-lima-2-dormitorios-149176175?n_src=Listado&n_pills=Guardian%C3%ADa%2FSeguridad+privada&n_pg=1&n_pos=30,3
64511623,Alquiler,Departamento,2026-04-18,"Miraflores, Lima",Miraflores,"S/ 15,980 · USD 4,700",PEN,15980.0,800.0,16780.0,71.02,225,3.0,2.0,3.0,1,1,0,0,1,No especifica,225 m² tot. | 3 dorm. | 2 baños | 3 estac.,https://urbania.pe/inmueble/clasificado/alclapin-alquiler-de-departamento-en-miraflores-lima-3-dormitorios-64511623?n_src=Listado&n_pills=Seguridad&n_pg=1&n_pos=5,4
149397213,Alquiler,Departamento,2026-04-18,"San Isidro, Lima",San Isidro,"S/ 3,660 · USD 1,050",PEN,3660.0,275.0,3935.0,50.14,73,2.0,2.0,1.0,1,1,0,1,0,No especifica,73 m² tot. | 2 dorm. | 2 baños | 1 estac.,https://urbania.pe/inmueble/clasificado/alclapin-alquiler-de-departamento-en-san-isidro-lima-2-dormitorios-149397213?n_src=Listado&n_pills=Amoblado&n_pg=1&n_pos=11,4
149306837,Alquiler,Departamento,2026-04-18,"Miraflores, Lima",Miraflores,"S/ 2,400",PEN,2400.0,250.0,2650.0,34.78,69,2.0,1.0,,0,0,0,1,0,No especifica,69 m² tot. | 2 dorm. | 1 baño,https://urbania.pe/inmueble/clasificado/alclapin-alquiler-de-departamento-en-miraflores-lima-2-dormitorios-149306837?n_src=Listado&n_pills=%C3%81rea+de+lavander%C3%ADa&n_pg=1&n_pos=12,4
149444823,Alquiler,Departamento,2026-04-18,"Chacarilla Del Estanque, Santiago de Surco",Santiago de Surco,"S/ 11,040 · USD 3,200",PEN,11040.0,600.0,11640.0,32.47,340,3.0,4.0,2.0,0,0,0,0,0,No especifica,340 m² tot. | 3 dorm. | 4 baños | 2 estac.,https://urbania.pe/inmueble/clasificado/alclapin-alquiler-de-departamento-en-chacarilla-del-estanque-santiago-de-surco-3-dormitorios-149444823?n_src=Listado&n_pills=Amoblado&n_pg=1&n_pos=15,4
147473595,Alquiler,Departamento,2026-04-18,"Miraflores, Lima",Miraflores,"S/ 3,696 · USD 1,100",PEN,3696.0,350.0,4046.0,28.43,130,3.0,3.0,1.0,0,0,0,0,0,No especifica,130 m² tot. | 3 dorm. | 3 baños | 1 estac.,https://urbania.pe/inmueble/clasificado/alclapin-alquiler-de-departamento-en-miraflores-lima-3-dormitorios-147473595?n_src=Listado&n_pills=Amoblado&n_pg=1&n_pos=16,4
148198005,Alquiler,Departamento,2026-04-18,"Miraflores, Lima",Miraflores,"S/ 3,006 · USD 899",PEN,3006.0,180.0,3186.0,29.18,103,2.0,2.0,1.0,0,0,0,0,0,No especifica,103 m² tot. | 2 dorm. | 2 baños | 1 estac.,https://urbania.pe/inmueble/clasificado/alclapin-alquiler-de-departamento-en-miraflores-lima-2-dormitorios-148198005?n_src=Listado&n_pills=Ascensor&n_pg=1&n_pos=21,4
149506522,Alquiler,Departamento,2026-04-18,"San Isidro, Lima",San Isidro,"S/ 3,850 · USD 1,100",PEN,3850.0,200.0,4050.0,64.17,60,2.0,2.0,,0,0,0,1,0,No especifica,60 m² tot. | 2 dorm. | 2 baños,https://urbania.pe/inmueble/clasificado/alclapin-alquiler-de-departamento-en-san-isidro-lima-2-dormitorios-149506522?n_src=Listado&n_pills=Ascensor&n_pg=1&n_pos=22,4
149320008,Alquiler,Departamento,2026-04-18,"Surquillo, Lima",Surquillo,"S/ 3,500 · USD 1,000",PEN,3500.0,,,43.75,80,2.0,2.0,1.0,0,1,1,0,0,No especifica,80 m² tot. | 2 dorm. | 2 baños | 1 estac.,https://urbania.pe/inmueble/clasificado/alclapin-alquiler-de-departamento-en-surquillo-lima-2-dormitorios-149320008?n_src=Listado&n_pills=Guardian%C3%ADa%2FSeguridad+privada&n_pg=1&n_pos=23,4
149147405,Alquiler,Departamento,2026-04-18,"Miraflores, Lima",Miraflores,"S/ 3,790 · USD 1,100",PEN,3790.0,400.0,4190.0,37.9,100,3.0,1.0,1.0,0,0,0,0,0,No especifica,100 m² tot. | 3 dorm. | 1 baño | 1 estac.,https://urbania.pe/inmueble/clasificado/alclapin-alquiler-de-departamento-en-miraflores-lima-3-dormitorios-149147405?n_src=Listado&n_pills=Ascensor&n_pg=1&n_pos=29,4
147915286,Alquiler,Departamento,2026-04-18,"Miraflores, Lima",Miraflores,"S/ 2,990",PEN,2990.0,350.0,3340.0,28.48,105,2.0,3.0,1.0,0,0,0,0,0,No especifica,105 m² tot. | 2 dorm. | 3 baños | 1 estac.,https://urbania.pe/inmueble/clasificado/alclapin-alquiler-de-departamento-en-miraflores-lima-2-dormitorios-147915286?n_src=Listado&n_pills=Seguridad&n_pg=1&n_pos=4,5
149483964,Alquiler,Departamento,2026-04-18,"Miraflores, Lima",Miraflores,"S/ 2,900 · USD 850",PEN,2900.0,380.0,3280.0,39.19,74,1.0,2.0,1.0,0,0,0,1,0,No especifica,74 m² tot. | 1 dorm. | 2 baños | 1 estac.,https://urbania.pe/inmueble/clasificado/alclapin-alquiler-de-departamento-en-miraflores-lima-1-dormitorio-149483964?n_src=Listado&n_pills=Guardian%C3%ADa%2FSeguridad+privada&n_pg=1&n_pos=5,5
149334295,Alquiler,Casa,2026-04-18,"Surquillo, Lima",Surquillo,"S/ 8,500",PEN,8500.0,,,26.15,325,,4.0,2.0,0,0,0,0,0,No especifica,325 m² tot. | 4 baños | 2 estac.,https://urbania.pe/inmueble/clasificado/alclcain-alquiler-de-casa-en-surquillo-lima-149334295?n_src=Listado&n_pills=%C3%81rea+de+lavander%C3%ADa&n_pg=1&n_pos=6,5
147669978,Alquiler,Departamento,2026-04-18,"Miraflores, Lima",Miraflores,"S/ 2,824 · USD 800",PEN,2824.0,220.0,3044.0,40.34,70,2.0,1.0,,0,0,0,0,0,No especifica,70 m² tot. | 2 dorm. | 1 baño,https://urbania.pe/inmueble/clasificado/alclapin-alquiler-de-departamento-en-miraflores-lima-2-dormitorios-147669978?n_src=Listado&n_pills=Guardian%C3%ADa%2FSeguridad+privada&n_pg=1&n_pos=7,5
149176175,Alquiler,Departamento,2026-04-18,"Miraflores, Lima",Miraflores,"S/ 3,060 · USD 900",PEN,3060.0,350.0,3410.0,38.25,80,2.0,2.0,1.0,1,1,1,1,1,No especifica,80 m² tot. | 2 dorm. | 2 baños | 1 estac.,https://urbania.pe/inmueble/clasificado/alclapin-alquiler-de-departamento-en-miraflores-lima-2-dormitorios-149176175?n_src=Listado&n_pills=Gimnasio&n_pg=1&n_pos=8,5
149390989,Alquiler,Departamento,2026-04-18,"Miraflores, Lima",Miraflores,"S/ 6,210 · USD 1,800",PEN,6210.0,1380.0,7590.0,34.5,180,2.0,2.0,2.0,0,0,0,0,0,No especifica,180 m² tot. | 2 dorm. | 2 baños | 2 estac.,https://urbania.pe/inmueble/clasificado/alclapin-alquiler-de-departamento-en-miraflores-lima-2-dormitorios-149390989?n_src=Listado&n_pills=%C3%81rea+de+lavander%C3%ADa&n_pg=1&n_pos=9,5
147754733,Alquiler,Casa,2026-04-18,"Carabayllo, Lima",Carabayllo,"S/ 3,500 · USD 1,000",PEN,3500.0,,,15.91,220,5.0,3.0,2.0,0,0,0,0,0,No especifica,220 m² tot. | 5 dorm. | 3 baños | 2 estac.,https://urbania.pe/inmueble/clasificado/alclcain-alquiler-de-casa-en-carabayllo-lima-5-a-mas-dormitorios-147754733?n_src=Listado&n_pg=1&n_pos=11,5
149159473,Alquiler,Departamento,2026-04-18,"Lima, Lima",Lima,"S/ 3,365 · USD 970",PEN,3365.0,450.0,3815.0,31.16,108,1.0,1.0,1.0,0,1,1,0,1,No especifica,108 m² tot. | 1 dorm. | 1 baño | 1 estac.,https://urbania.pe/inmueble/clasificado/alclapin-alquiler-de-departamento-en-lima-lima-1-dormitorio-149159473?n_src=Listado&n_pills=%C3%81rea+de+lavander%C3%ADa&n_pg=1&n_pos=12,5
149396585,Alquiler,Departamento,2026-04-18,"Magdalena, Lima",Magdalena,"S/ 3,777 · USD 1,100",PEN,3777.0,390.0,4167.0,60.92,62,2.0,1.0,1.0,1,1,1,0,0,No especifica,62 m² tot. | 2 dorm. | 1 baño | 1 estac.,https://urbania.pe/inmueble/clasificado/alclapin-alquiler-de-departamento-en-magdalena-lima-2-dormitorios-149396585?n_src=Listado&n_pills=Seguridad&n_pg=1&n_pos=13,5
149508598,Alquiler,Departamento,2026-04-18,"Surquillo, Lima",Surquillo,"S/ 2,900 · USD 850",PEN,2900.0,,,17.06,170,4.0,3.0,,0,0,0,0,0,No especifica,170 m² tot. | 4 dorm. | 3 baños,https://urbania.pe/inmueble/clasificado/alclapin-alquiler-de-departamento-en-surquillo-lima-4-dormitorios-149508598?n_src=Listado&n_pills=%C3%81rea+de+lavander%C3%ADa&n_pg=1&n_pos=14,5
149478878,Alquiler,Departamento,2026-04-18,"Miraflores, Lima",Miraflores,"S/ 3,400 · USD 1,000",PEN,3400.0,,,56.67,60,1.0,2.0,1.0,1,1,1,1,0,No especifica,60 m² tot. | 1 dorm. | 2 baños | 1 estac.,https://urbania.pe/inmueble/clasificado/alclapin-alquiler-de-departamento-en-miraflores-lima-1-dormitorio-149478878?n_src=Listado&n_pills=Piscina&n_pg=1&n_pos=16,5
149332648,Alquiler,Departamento,2026-04-18,"Jesús María, Lima",Jesús María,"S/ 2,800",PEN,2800.0,350.0,3150.0,31.46,89,3.0,2.0,1.0,0,1,1,1,1,No especifica,89 m² tot. | 3 dorm. | 2 baños | 1 estac.,https://urbania.pe/inmueble/clasificado/alclapin-alquiler-de-departamento-en-jesus-maria-lima-3-dormitorios-149332648?n_src=Listado&n_pills=Ascensor&n_pg=1&n_pos=17,5
149516777,Alquiler,Departamento,2026-04-18,"Santiago de Surco, Lima",Santiago de Surco,"S/ 3,000",PEN,3000.0,350.0,3350.0,26.32,114,3.0,2.0,1.0,0,0,0,0,1,No especifica,114 m² tot. | 3 dorm. | 2 baños | 1 estac.,https://urbania.pe/inmueble/clasificado/alclapin-alquiler-de-departamento-en-santiago-de-surco-lima-3-dormitorios-149516777?n_src=Listado&n_pills=%C3%81rea+de+lavander%C3%ADa&n_pg=1&n_pos=18,5
149506633,Alquiler,Departamento,2026-04-18,"Jesús María, Lima",Jesús María,"S/ 3,000 · USD 850",PEN,3000.0,200.0,3200.0,30.61,98,3.0,1.0,,0,0,0,0,0,No especifica,98 m² tot. | 3 dorm. | 1 baño,https://urbania.pe/inmueble/clasificado/alclapin-alquiler-de-departamento-en-jesus-maria-lima-3-dormitorios-149506633?n_src=Listado&n_pills=Cerca+a+colegios&n_pg=1&n_pos=19,5
149240786,Alquiler,Departamento,2026-04-18,"Miraflores, Lima",Miraflores,"S/ 12,920 · USD 3,800",PEN,12920.0,1400.0,14320.0,52.73,245,3.0,3.0,2.0,0,0,0,0,0,No especifica,245 m² tot. | 3 dorm. | 3 baños | 2 estac.,https://urbania.pe/inmueble/clasificado/alclapin-alquiler-de-departamento-en-miraflores-lima-3-dormitorios-149240786?n_src=Listado&n_pills=%C3%81rea+de+lavander%C3%ADa&n_pg=1&n_pos=20,5
149222830,Alquiler,Departamento,2026-04-18,"Santiago de Surco, Lima",Santiago de Surco,S/ 999,PEN,999.0,10.0,1009.0,55.5,18,1.0,1.0,,0,0,0,0,0,No especifica,18 m² tot. | 1 dorm. | 1 baño,https://urbania.pe/inmueble/clasificado/alclapin-alquiler-de-departamento-en-santiago-de-surco-lima-1-dormitorio-149222830?n_src=Listado&n_pills=%C3%81rea+de+lavander%C3%ADa&n_pg=1&n_pos=21,5
149579660,Alquiler,Departamento,2026-04-18,"Jesús María, Lima",Jesús María,"S/ 2,900",PEN,2900.0,350.0,3250.0,37.18,78,2.0,2.0,,0,0,0,1,0,No especifica,78 m² tot. | 2 dorm. | 2 baños,https://urbania.pe/inmueble/clasificado/alclapin-alquiler-de-departamento-en-jesus-maria-lima-2-dormitorios-149579660?n_src=Listado&n_pills=Ascensor&n_pg=1&n_pos=22,5
149477716,Alquiler,Departamento,2026-04-18,"San Isidro, Lima",San Isidro,"S/ 2,800",PEN,2800.0,285.0,3085.0,46.67,60,1.0,1.0,1.0,1,1,1,0,0,No especifica,60 m² tot. | 1 dorm. | 1 baño | 1 estac.,https://urbania.pe/inmueble/clasificado/alclapin-alquiler-de-departamento-en-san-isidro-lima-1-dormitorio-149477716?n_src=Listado&n_pills=%C3%81rea+de+lavander%C3%ADa&n_pg=1&n_pos=23,5
149433471,Alquiler,Departamento,2026-04-18,"San Isidro, Lima",San Isidro,"S/ 4,200 · USD 1,200",PEN,4200.0,350.0,4550.0,48.84,86,2.0,2.0,,0,0,0,0,0,No especifica,86 m² tot. | 2 dorm. | 2 baños | 172 estac.,https://urbania.pe/inmueble/clasificado/alclapin-alquiler-de-departamento-en-san-isidro-lima-2-dormitorios-149433471?n_src=Listado&n_pills=%C3%81rea+de+lavander%C3%ADa&n_pg=1&n_pos=24,5
149481962,Alquiler,Departamento,2026-04-18,"Miraflores, Lima",Miraflores,"S/ 3,380 · USD 1,000",PEN,3380.0,250.0,3630.0,48.99,69,2.0,2.0,,0,0,0,1,0,No especifica,69 m² tot. | 2 dorm. | 2 baños,https://urbania.pe/inmueble/clasificado/alclapin-alquiler-de-departamento-en-miraflores-lima-2-dormitorios-149481962?n_src=Listado&n_pills=Guardian%C3%ADa%2FSeguridad+privada&n_pg=1&n_pos=25,5
147206238,Alquiler,Departamento,2026-04-18,"Miraflores, Lima",Miraflores,"S/ 3,855 · USD 1,135",PEN,3855.0,400.0,4255.0,50.72,76,2.0,2.0,,1,1,1,0,1,No especifica,76 m² tot. | 2 dorm. | 2 baños,https://urbania.pe/inmueble/clasificado/alclapin-alquiler-de-departamento-en-miraflores-lima-2-dormitorios-147206238?n_src=Listado&n_pills=Seguridad&n_pg=1&n_pos=26,5
149363818,Alquiler,Departamento,2026-04-18,"Santa Beatriz, Lima Cercado",Lima Cercado,"S/ 2,400",PEN,2400.0,250.0,2650.0,38.71,62,2.0,1.0,,0,1,1,0,0,No especifica,62 m² tot. | 2 dorm. | 1 baño,https://urbania.pe/inmueble/clasificado/alclapin-alquiler-de-departamento-en-santa-beatriz-lima-cercado-2-dormitorios-149363818?n_src=Listado&n_pills=Ascensor&n_pg=1&n_pos=27,5
148549240,Alquiler,Departamento,2026-04-18,"Barranco, Lima",Barranco,"S/ 3,230 · USD 950",PEN,3230.0,590.0,3820.0,55.69,58,1.0,1.0,,0,0,0,0,0,No especifica,58 m² tot. | 1 dorm. | 1 baño,https://urbania.pe/inmueble/clasificado/alclapin-alquiler-de-departamento-en-barranco-lima-1-dormitorio-148549240?n_src=Listado&n_pills=%C3%81rea+de+lavander%C3%ADa&n_pg=1&n_pos=29,5
149496925,Alquiler,Departamento,2026-04-18,"Barranco, Lima",Barranco,"S/ 2,333 · USD 700",PEN,2333.0,280.0,2613.0,42.42,55,1.0,1.0,1.0,0,0,0,0,1,No especifica,55 m² tot. | 1 dorm. | 1 baño | 1 estac.,https://urbania.pe/inmueble/clasificado/alclapin-alquiler-de-departamento-en-barranco-lima-1-dormitorio-149496925?n_src=Listado&n_pills=Ascensor&n_pg=1&n_pos=30,5
149397213,Alquiler,Departamento,2026-04-18,"San Isidro, Lima",San Isidro,"S/ 3,660 · USD 1,050",PEN,3660.0,275.0,3935.0,50.14,73,2.0,2.0,1.0,1,1,0,1,0,No especifica,73 m² tot. | 2 dorm. | 2 baños | 1 estac.,https://urbania.pe/inmueble/clasificado/alclapin-alquiler-de-departamento-en-san-isidro-lima-2-dormitorios-149397213?n_src=Listado&n_pills=Piscina&n_pg=1&n_pos=11,6
149364055,Alquiler,Casa,2026-04-18,"Miraflores, Lima",Miraflores,"S/ 91,000 · USD 26,000",PEN,91000.0,,,50.92,1787,,30.0,5.0,0,0,0,0,0,No especifica,1787 m² tot. | 30 baños | 5 estac.,https://urbania.pe/inmueble/clasificado/alclcain-alquiler-de-casa-en-miraflores-lima-149364055?n_src=Listado&n_pills=Amoblado&n_pg=1&n_pos=18,6
149320008,Alquiler,Departamento,2026-04-18,"Surquillo, Lima",Surquillo,"S/ 3,500 · USD 1,000",PEN,3500.0,,,43.75,80,2.0,2.0,1.0,0,1,1,0,0,No especifica,80 m² tot. | 2 dorm. | 2 baños | 1 estac.,https://urbania.pe/inmueble/clasificado/alclapin-alquiler-de-departamento-en-surquillo-lima-2-dormitorios-149320008?n_src=Listado&n_pills=%C3%81rea+de+lavander%C3%ADa&n_pg=1&n_pos=23,6
149383540,Alquiler,Departamento,2026-04-18,"San Miguel, Lima",San Miguel,"S/ 2,098 · USD 635",PEN,2098.0,300.0,2398.0,34.97,60,2.0,2.0,,1,1,1,0,0,No especifica,60 m² tot. | 2 dorm. | 2 baños,https://urbania.pe/inmueble/clasificado/alclapin-alquiler-de-departamento-en-san-miguel-lima-2-dormitorios-149383540?n_src=Listado&n_pills=Gimnasio&n_pg=1&n_pos=25,6
149176175,Alquiler,Departamento,2026-04-18,"Miraflores, Lima",Miraflores,"S/ 3,060 · USD 900",PEN,3060.0,350.0,3410.0,38.25,80,2.0,2.0,1.0,1,1,1,1,1,No especifica,80 m² tot. | 2 dorm. | 2 baños | 1 estac.,https://urbania.pe/inmueble/clasificado/alclapin-alquiler-de-departamento-en-miraflores-lima-2-dormitorios-149176175?n_src=Listado&n_pills=%C3%81rea+de+lavander%C3%ADa&n_pg=1&n_pos=30,6
147915286,Alquiler,Departamento,2026-04-18,"Miraflores, Lima",Miraflores,"S/ 2,990",PEN,2990.0,350.0,3340.0,28.48,105,2.0,3.0,1.0,0,0,0,0,0,No especifica,105 m² tot. | 2 dorm. | 3 baños | 1 estac.,https://urbania.pe/inmueble/clasificado/alclapin-alquiler-de-departamento-en-miraflores-lima-2-dormitorios-147915286?n_src=Listado&n_pills=Ascensor&n_pg=1&n_pos=4,7
149483964,Alquiler,Departamento,2026-04-18,"Miraflores, Lima",Miraflores,"S/ 2,900 · USD 850",PEN,2900.0,380.0,3280.0,39.19,74,1.0,2.0,1.0,0,0,0,1,0,No especifica,74 m² tot. | 1 dorm. | 2 baños | 1 estac.,https://urbania.pe/inmueble/clasificado/alclapin-alquiler-de-departamento-en-miraflores-lima-1-dormitorio-149483964?n_src=Listado&n_pills=Ascensor&n_pg=1&n_pos=5,7
147669978,Alquiler,Departamento,2026-04-18,"Miraflores, Lima",Miraflores,"S/ 2,824 · USD 800",PEN,2824.0,220.0,3044.0,40.34,70,2.0,1.0,,0,0,0,0,0,No especifica,70 m² tot. | 2 dorm. | 1 baño,https://urbania.pe/inmueble/clasificado/alclapin-alquiler-de-departamento-en-miraflores-lima-2-dormitorios-147669978?n_src=Listado&n_pills=Cerca+a+colegios&n_pg=1&n_pos=7,7
149390989,Alquiler,Departamento,2026-04-18,"Miraflores, Lima",Miraflores,"S/ 6,210 · USD 1,800",PEN,6210.0,1380.0,7590.0,34.5,180,2.0,2.0,2.0,0,0,0,0,0,No especifica,180 m² tot. | 2 dorm. | 2 baños | 2 estac.,https://urbania.pe/inmueble/clasificado/alclapin-alquiler-de-departamento-en-miraflores-lima-2-dormitorios-149390989?n_src=Listado&n_pills=Guardian%C3%ADa%2FSeguridad+privada&n_pg=1&n_pos=9,7
149159473,Alquiler,Departamento,2026-04-18,"Lima, Lima",Lima,"S/ 3,365 · USD 970",PEN,3365.0,450.0,3815.0,31.16,108,1.0,1.0,1.0,0,1,1,0,1,No especifica,108 m² tot. | 1 dorm. | 1 baño | 1 estac.,https://urbania.pe/inmueble/clasificado/alclapin-alquiler-de-departamento-en-lima-lima-1-dormitorio-149159473?n_src=Listado&n_pills=Guardian%C3%ADa%2FSeguridad+privada&n_pg=1&n_pos=12,7
149396585,Alquiler,Departamento,2026-04-18,"Magdalena, Lima",Magdalena,"S/ 3,777 · USD 1,100",PEN,3777.0,390.0,4167.0,60.92,62,2.0,1.0,1.0,1,1,1,0,0,No especifica,62 m² tot. | 2 dorm. | 1 baño | 1 estac.,https://urbania.pe/inmueble/clasificado/alclapin-alquiler-de-departamento-en-magdalena-lima-2-dormitorios-149396585?n_src=Listado&n_pills=Cerca+a+colegios&n_pg=1&n_pos=13,7
149478878,Alquiler,Departamento,2026-04-18,"Miraflores, Lima",Miraflores,"S/ 3,400 · USD 1,000",PEN,3400.0,,,56.67,60,1.0,2.0,1.0,1,1,1,1,0,No especifica,60 m² tot. | 1 dorm. | 2 baños | 1 estac.,https://urbania.pe/inmueble/clasificado/alclapin-alquiler-de-departamento-en-miraflores-lima-1-dormitorio-149478878?n_src=Listado&n_pills=Gimnasio&n_pg=1&n_pos=16,7
149332648,Alquiler,Departamento,2026-04-18,"Jesús María, Lima",Jesús María,"S/ 2,800",PEN,2800.0,350.0,3150.0,31.46,89,3.0,2.0,1.0,0,1,1,1,1,No especifica,89 m² tot. | 3 dorm. | 2 baños | 1 estac.,https://urbania.pe/inmueble/clasificado/alclapin-alquiler-de-departamento-en-jesus-maria-lima-3-dormitorios-149332648?n_src=Listado&n_pills=Cerca+a+colegios&n_pg=1&n_pos=17,7
149506633,Alquiler,Departamento,2026-04-18,"Jesús María, Lima",Jesús María,"S/ 3,000 · USD 850",PEN,3000.0,200.0,3200.0,30.61,98,3.0,1.0,,0,0,0,0,0,No especifica,98 m² tot. | 3 dorm. | 1 baño,https://urbania.pe/inmueble/clasificado/alclapin-alquiler-de-departamento-en-jesus-maria-lima-3-dormitorios-149506633?n_src=Listado&n_pills=%C3%81rea+de+lavander%C3%ADa&n_pg=1&n_pos=19,7
149240786,Alquiler,Departamento,2026-04-18,"Miraflores, Lima",Miraflores,"S/ 12,920 · USD 3,800",PEN,12920.0,1400.0,14320.0,52.73,245,3.0,3.0,2.0,0,0,0,0,0,No especifica,245 m² tot. | 3 dorm. | 3 baños | 2 estac.,https://urbania.pe/inmueble/clasificado/alclapin-alquiler-de-departamento-en-miraflores-lima-3-dormitorios-149240786?n_src=Listado&n_pills=Ascensor&n_pg=1&n_pos=20,7
149477716,Alquiler,Departamento,2026-04-18,"San Isidro, Lima",San Isidro,"S/ 2,800",PEN,2800.0,285.0,3085.0,46.67,60,1.0,1.0,1.0,1,1,1,0,0,No especifica,60 m² tot. | 1 dorm. | 1 baño | 1 estac.,https://urbania.pe/inmueble/clasificado/alclapin-alquiler-de-departamento-en-san-isidro-lima-1-dormitorio-149477716?n_src=Listado&n_pills=Gimnasio&n_pg=1&n_pos=23,7
149481962,Alquiler,Departamento,2026-04-18,"Miraflores, Lima",Miraflores,"S/ 3,380 · USD 1,000",PEN,3380.0,250.0,3630.0,48.99,69,2.0,2.0,,0,0,0,1,0,No especifica,69 m² tot. | 2 dorm. | 2 baños,https://urbania.pe/inmueble/clasificado/alclapin-alquiler-de-departamento-en-miraflores-lima-2-dormitorios-149481962?n_src=Listado&n_pills=Seguridad&n_pg=1&n_pos=25,7
147206238,Alquiler,Departamento,2026-04-18,"Miraflores, Lima",Miraflores,"S/ 3,855 · USD 1,135",PEN,3855.0,400.0,4255.0,50.72,76,2.0,2.0,,1,1,1,0,1,No especifica,76 m² tot. | 2 dorm. | 2 baños,https://urbania.pe/inmueble/clasificado/alclapin-alquiler-de-departamento-en-miraflores-lima-2-dormitorios-147206238?n_src=Listado&n_pills=Piscina&n_pg=1&n_pos=26,7
149363818,Alquiler,Departamento,2026-04-18,"Santa Beatriz, Lima Cercado",Lima Cercado,"S/ 2,400",PEN,2400.0,250.0,2650.0,38.71,62,2.0,1.0,,0,1,1,0,0,No especifica,62 m² tot. | 2 dorm. | 1 baño,https://urbania.pe/inmueble/clasificado/alclapin-alquiler-de-departamento-en-santa-beatriz-lima-cercado-2-dormitorios-149363818?n_src=Listado&n_pills=Gimnasio&n_pg=1&n_pos=27,7
149483964,Alquiler,Departamento,2026-04-18,"Miraflores, Lima",Miraflores,"S/ 2,900 · USD 850",PEN,2900.0,380.0,3280.0,39.19,74,1.0,2.0,1.0,0,0,0,1,0,No especifica,74 m² tot. | 1 dorm. | 2 baños | 1 estac.,https://urbania.pe/inmueble/clasificado/alclapin-alquiler-de-departamento-en-miraflores-lima-1-dormitorio-149483964?n_src=Listado&n_pills=Seguridad&n_pg=1&n_pos=5,8
147669978,Alquiler,Departamento,2026-04-18,"Miraflores, Lima",Miraflores,"S/ 2,824 · USD 800",PEN,2824.0,220.0,3044.0,40.34,70,2.0,1.0,,0,0,0,0,0,No especifica,70 m² tot. | 2 dorm. | 1 baño,https://urbania.pe/inmueble/clasificado/alclapin-alquiler-de-departamento-en-miraflores-lima-2-dormitorios-147669978?n_src=Listado&n_pills=%C3%81rea+de+lavander%C3%ADa&n_pg=1&n_pos=7,8
149176175,Alquiler,Departamento,2026-04-18,"Miraflores, Lima",Miraflores,"S/ 3,060 · USD 900",PEN,3060.0,350.0,3410.0,38.25,80,2.0,2.0,1.0,1,1,1,1,1,No especifica,80 m² tot. | 2 dorm. | 2 baños | 1 estac.,https://urbania.pe/inmueble/clasificado/alclapin-alquiler-de-departamento-en-miraflores-lima-2-dormitorios-149176175?n_src=Listado&n_pills=Cerca+a+colegios&n_pg=1&n_pos=8,8
149390989,Alquiler,Departamento,2026-04-18,"Miraflores, Lima",Miraflores,"S/ 6,210 · USD 1,800",PEN,6210.0,1380.0,7590.0,34.5,180,2.0,2.0,2.0,0,0,0,0,0,No especifica,180 m² tot. | 2 dorm. | 2 baños | 2 estac.,https://urbania.pe/inmueble/clasificado/alclapin-alquiler-de-departamento-en-miraflores-lima-2-dormitorios-149390989?n_src=Listado&n_pills=Ascensor&n_pg=1&n_pos=9,8
149396585,Alquiler,Departamento,2026-04-18,"Magdalena, Lima",Magdalena,"S/ 3,777 · USD 1,100",PEN,3777.0,390.0,4167.0,60.92,62,2.0,1.0,1.0,1,1,1,0,0,No especifica,62 m² tot. | 2 dorm. | 1 baño | 1 estac.,https://urbania.pe/inmueble/clasificado/alclapin-alquiler-de-departamento-en-magdalena-lima-2-dormitorios-149396585?n_src=Listado&n_pills=Piscina&n_pg=1&n_pos=13,8
149478878,Alquiler,Departamento,2026-04-18,"Miraflores, Lima",Miraflores,"S/ 3,400 · USD 1,000",PEN,3400.0,,,56.67,60,1.0,2.0,1.0,1,1,1,1,0,No especifica,60 m² tot. | 1 dorm. | 2 baños | 1 estac.,https://urbania.pe/inmueble/clasificado/alclapin-alquiler-de-departamento-en-miraflores-lima-1-dormitorio-149478878?n_src=Listado&n_pills=Guardian%C3%ADa%2FSeguridad+privada&n_pg=1&n_pos=16,8
149332648,Alquiler,Departamento,2026-04-18,"Jesús María, Lima",Jesús María,"S/ 2,800",PEN,2800.0,350.0,3150.0,31.46,89,3.0,2.0,1.0,0,1,1,1,1,No especifica,89 m² tot. | 3 dorm. | 2 baños | 1 estac.,https://urbania.pe/inmueble/clasificado/alclapin-alquiler-de-departamento-en-jesus-maria-lima-3-dormitorios-149332648?n_src=Listado&n_pills=Parrilla&n_pg=1&n_pos=17,8
149516777,Alquiler,Departamento,2026-04-18,"Santiago de Surco, Lima",Santiago de Surco,"S/ 3,000",PEN,3000.0,350.0,3350.0,26.32,114,3.0,2.0,1.0,0,0,0,0,1,No especifica,114 m² tot. | 3 dorm. | 2 baños | 1 estac.,https://urbania.pe/inmueble/clasificado/alclapin-alquiler-de-departamento-en-santiago-de-surco-lima-3-dormitorios-149516777?n_src=Listado&n_pills=Ascensor&n_pg=1&n_pos=18,8
149506633,Alquiler,Departamento,2026-04-18,"Jesús María, Lima",Jesús María,"S/ 3,000 · USD 850",PEN,3000.0,200.0,3200.0,30.61,98,3.0,1.0,,0,0,0,0,0,No especifica,98 m² tot. | 3 dorm. | 1 baño,https://urbania.pe/inmueble/clasificado/alclapin-alquiler-de-departamento-en-jesus-maria-lima-3-dormitorios-149506633?n_src=Listado&n_pills=Amoblado&n_pg=1&n_pos=19,8
149579660,Alquiler,Departamento,2026-04-18,"Jesús María, Lima",Jesús María,"S/ 2,900",PEN,2900.0,350.0,3250.0,37.18,78,2.0,2.0,,0,0,0,1,0,No especifica,78 m² tot. | 2 dorm. | 2 baños,https://urbania.pe/inmueble/clasificado/alclapin-alquiler-de-departamento-en-jesus-maria-lima-2-dormitorios-149579660?n_src=Listado&n_pills=%C3%81rea+de+lavander%C3%ADa&n_pg=1&n_pos=22,8
147206238,Alquiler,Departamento,2026-04-18,"Miraflores, Lima",Miraflores,"S/ 3,855 · USD 1,135",PEN,3855.0,400.0,4255.0,50.72,76,2.0,2.0,,1,1,1,0,1,No especifica,76 m² tot. | 2 dorm. | 2 baños,https://urbania.pe/inmueble/clasificado/alclapin-alquiler-de-departamento-en-miraflores-lima-2-dormitorios-147206238?n_src=Listado&n_pills=Gimnasio&n_pg=1&n_pos=26,8
148549240,Alquiler,Departamento,2026-04-18,"Barranco, Lima",Barranco,"S/ 3,230 · USD 950",PEN,3230.0,590.0,3820.0,55.69,58,1.0,1.0,,0,0,0,0,0,No especifica,58 m² tot. | 1 dorm. | 1 baño,https://urbania.pe/inmueble/clasificado/alclapin-alquiler-de-departamento-en-barranco-lima-1-dormitorio-148549240?n_src=Listado&n_pills=Guardian%C3%ADa%2FSeguridad+privada&n_pg=1&n_pos=29,8
149396585,Alquiler,Departamento,2026-04-18,"Magdalena, Lima",Magdalena,"S/ 3,777 · USD 1,100",PEN,3777.0,390.0,4167.0,60.92,62,2.0,1.0,1.0,1,1,1,0,0,No especifica,62 m² tot. | 2 dorm. | 1 baño | 1 estac.,https://urbania.pe/inmueble/clasificado/alclapin-alquiler-de-departamento-en-magdalena-lima-2-dormitorios-149396585?n_src=Listado&n_pills=Gimnasio&n_pg=1&n_pos=13,9
149240786,Alquiler,Departamento,2026-04-18,"Miraflores, Lima",Miraflores,"S/ 12,920 · USD 3,800",PEN,12920.0,1400.0,14320.0,52.73,245,3.0,3.0,2.0,0,0,0,0,0,No especifica,245 m² tot. | 3 dorm. | 3 baños | 2 estac.,https://urbania.pe/inmueble/clasificado/alclapin-alquiler-de-departamento-en-miraflores-lima-3-dormitorios-149240786?n_src=Listado&n_pills=Amoblado&n_pg=1&n_pos=20,9
149483964,Alquiler,Departamento,2026-04-18,"Miraflores, Lima",Miraflores,"S/ 2,900 · USD 850",PEN,2900.0,380.0,3280.0,39.19,74,1.0,2.0,1.0,0,0,0,1,0,No especifica,74 m² tot. | 1 dorm. | 2 baños | 1 estac.,https://urbania.pe/inmueble/clasificado/alclapin-alquiler-de-departamento-en-miraflores-lima-1-dormitorio-149483964?n_src=Listado&n_pills=%C3%81rea+de+lavander%C3%ADa&n_pg=1&n_pos=5,10
147669978,Alquiler,Departamento,2026-04-18,"Miraflores, Lima",Miraflores,"S/ 2,824 · USD 800",PEN,2824.0,220.0,3044.0,40.34,70,2.0,1.0,,0,0,0,0,0,No especifica,70 m² tot. | 2 dorm. | 1 baño,https://urbania.pe/inmueble/clasificado/alclapin-alquiler-de-departamento-en-miraflores-lima-2-dormitorios-147669978?n_src=Listado&n_pills=Seguridad&n_pg=1&n_pos=7,10
149176175,Alquiler,Departamento,2026-04-18,"Miraflores, Lima",Miraflores,"S/ 3,060 · USD 900",PEN,3060.0,350.0,3410.0,38.25,80,2.0,2.0,1.0,1,1,1,1,1,No especifica,80 m² tot. | 2 dorm. | 2 baños | 1 estac.,https://urbania.pe/inmueble/clasificado/alclapin-alquiler-de-departamento-en-miraflores-lima-2-dormitorios-149176175?n_src=Listado&n_pills=%C3%81rea+de+lavander%C3%ADa&n_pg=1&n_pos=8,10
147206238,Alquiler,Departamento,2026-04-18,"Miraflores, Lima",Miraflores,"S/ 3,855 · USD 1,135",PEN,3855.0,400.0,4255.0,50.72,76,2.0,2.0,,1,1,1,0,1,No especifica,76 m² tot. | 2 dorm. | 2 baños,https://urbania.pe/inmueble/clasificado/alclapin-alquiler-de-departamento-en-miraflores-lima-2-dormitorios-147206238?n_src=Listado&n_pills=%C3%81rea+de+lavander%C3%ADa&n_pg=1&n_pos=26,10
147915286,Alquiler,Departamento,2026-04-18,"Miraflores, Lima",Miraflores,"S/ 2,990",PEN,2990.0,350.0,3340.0,28.48,105,2.0,3.0,1.0,0,0,0,0,0,No especifica,105 m² tot. | 2 dorm. | 3 baños | 1 estac.,https://urbania.pe/inmueble/clasificado/alclapin-alquiler-de-departamento-en-miraflores-lima-2-dormitorios-147915286?n_src=Listado&n_pills=Amoblado&n_pg=1&n_pos=4,11
149176175,Alquiler,Departamento,2026-04-18,"Miraflores, Lima",Miraflores,"S/ 3,060 · USD 900",PEN,3060.0,350.0,3410.0,38.25,80,2.0,2.0,1.0,1,1,1,1,1,No especifica,80 m² tot. | 2 dorm. | 2 baños | 1 estac.,https://urbania.pe/inmueble/clasificado/alclapin-alquiler-de-departamento-en-miraflores-lima-2-dormitorios-149176175?n_src=Listado&n_pills=Seguridad&n_pg=1&n_pos=8,11
149159473,Alquiler,Departamento,2026-04-18,"Lima, Lima",Lima,"S/ 3,365 · USD 970",PEN,3365.0,450.0,3815.0,31.16,108,1.0,1.0,1.0,0,1,1,0,1,No especifica,108 m² tot. | 1 dorm. | 1 baño | 1 estac.,https://urbania.pe/inmueble/clasificado/alclapin-alquiler-de-departamento-en-lima-lima-1-dormitorio-149159473?n_src=Listado&n_pills=Gimnasio&n_pg=1&n_pos=12,11
149478878,Alquiler,Departamento,2026-04-18,"Miraflores, Lima",Miraflores,"S/ 3,400 · USD 1,000",PEN,3400.0,,,56.67,60,1.0,2.0,1.0,1,1,1,1,0,No especifica,60 m² tot. | 1 dorm. | 2 baños | 1 estac.,https://urbania.pe/inmueble/clasificado/alclapin-alquiler-de-departamento-en-miraflores-lima-1-dormitorio-149478878?n_src=Listado&n_pills=%C3%81rea+de+lavander%C3%ADa&n_pg=1&n_pos=16,11
149332648,Alquiler,Departamento,2026-04-18,"Jesús María, Lima",Jesús María,"S/ 2,800",PEN,2800.0,350.0,3150.0,31.46,89,3.0,2.0,1.0,0,1,1,1,1,No especifica,89 m² tot. | 3 dorm. | 2 baños | 1 estac.,https://urbania.pe/inmueble/clasificado/alclapin-alquiler-de-departamento-en-jesus-maria-lima-3-dormitorios-149332648?n_src=Listado&n_pills=Seguridad&n_pg=1&n_pos=17,11
149240786,Alquiler,Departamento,2026-04-18,"Miraflores, Lima",Miraflores,"S/ 12,920 · USD 3,800",PEN,12920.0,1400.0,14320.0,52.73,245,3.0,3.0,2.0,0,0,0,0,0,No especifica,245 m² tot. | 3 dorm. | 3 baños | 2 estac.,https://urbania.pe/inmueble/clasificado/alclapin-alquiler-de-departamento-en-miraflores-lima-3-dormitorios-149240786?n_src=Listado&n_pills=Guardian%C3%ADa%2FSeguridad+privada&n_pg=1&n_pos=20,11
149481962,Alquiler,Departamento,2026-04-18,"Miraflores, Lima",Miraflores,"S/ 3,380 · USD 1,000",PEN,3380.0,250.0,3630.0,48.99,69,2.0,2.0,,0,0,0,1,0,No especifica,69 m² tot. | 2 dorm. | 2 baños,https://urbania.pe/inmueble/clasificado/alclapin-alquiler-de-departamento-en-miraflores-lima-2-dormitorios-149481962?n_src=Listado&n_pills=Cerca+a+colegios&n_pg=1&n_pos=25,11
148549240,Alquiler,Departamento,2026-04-18,"Barranco, Lima",Barranco,"S/ 3,230 · USD 950",PEN,3230.0,590.0,3820.0,55.69,58,1.0,1.0,,0,0,0,0,0,No especifica,58 m² tot. | 1 dorm. | 1 baño,https://urbania.pe/inmueble/clasificado/alclapin-alquiler-de-departamento-en-barranco-lima-1-dormitorio-148549240?n_src=Listado&n_pills=Seguridad&n_pg=1&n_pos=29,11
147669978,Alquiler,Departamento,2026-04-18,"Miraflores, Lima",Miraflores,"S/ 2,824 · USD 800",PEN,2824.0,220.0,3044.0,40.34,70,2.0,1.0,,0,0,0,0,0,No especifica,70 m² tot. | 2 dorm. | 1 baño,https://urbania.pe/inmueble/clasificado/alclapin-alquiler-de-departamento-en-miraflores-lima-2-dormitorios-147669978?n_src=Listado&n_pills=Amoblado&n_pg=1&n_pos=7,12
149159473,Alquiler,Departamento,2026-04-18,"Lima, Lima",Lima,"S/ 3,365 · USD 970",PEN,3365.0,450.0,3815.0,31.16,108,1.0,1.0,1.0,0,1,1,0,1,No especifica,108 m² tot. | 1 dorm. | 1 baño | 1 estac.,https://urbania.pe/inmueble/clasificado/alclapin-alquiler-de-departamento-en-lima-lima-1-dormitorio-149159473?n_src=Listado&n_pills=Seguridad&n_pg=1&n_pos=12,12
149396585,Alquiler,Departamento,2026-04-18,"Magdalena, Lima",Magdalena,"S/ 3,777 · USD 1,100",PEN,3777.0,390.0,4167.0,60.92,62,2.0,1.0,1.0,1,1,1,0,0,No especifica,62 m² tot. | 2 dorm. | 1 baño | 1 estac.,https://urbania.pe/inmueble/clasificado/alclapin-alquiler-de-departamento-en-magdalena-lima-2-dormitorios-149396585?n_src=Listado&n_pills=Amoblado&n_pg=1&n_pos=13,12
149478878,Alquiler,Departamento,2026-04-18,"Miraflores, Lima",Miraflores,"S/ 3,400 · USD 1,000",PEN,3400.0,,,56.67,60,1.0,2.0,1.0,1,1,1,1,0,No especifica,60 m² tot. | 1 dorm. | 2 baños | 1 estac.,https://urbania.pe/inmueble/clasificado/alclapin-alquiler-de-departamento-en-miraflores-lima-1-dormitorio-149478878?n_src=Listado&n_pills=Seguridad&n_pg=1&n_pos=16,12
149332648,Alquiler,Departamento,2026-04-18,"Jesús María, Lima",Jesús María,"S/ 2,800",PEN,2800.0,350.0,3150.0,31.46,89,3.0,2.0,1.0,0,1,1,1,1,No especifica,89 m² tot. | 3 dorm. | 2 baños | 1 estac.,https://urbania.pe/inmueble/clasificado/alclapin-alquiler-de-departamento-en-jesus-maria-lima-3-dormitorios-149332648?n_src=Listado&n_pills=Gimnasio&n_pg=1&n_pos=17,12
149579660,Alquiler,Departamento,2026-04-18,"Jesús María, Lima",Jesús María,"S/ 2,900",PEN,2900.0,350.0,3250.0,37.18,78,2.0,2.0,,0,0,0,1,0,No especifica,78 m² tot. | 2 dorm. | 2 baños,https://urbania.pe/inmueble/clasificado/alclapin-alquiler-de-departamento-en-jesus-maria-lima-2-dormitorios-149579660?n_src=Listado&n_pills=Seguridad&n_pg=1&n_pos=22,12
149477716,Alquiler,Departamento,2026-04-18,"San Isidro, Lima",San Isidro,"S/ 2,800",PEN,2800.0,285.0,3085.0,46.67,60,1.0,1.0,1.0,1,1,1,0,0,No especifica,60 m² tot. | 1 dorm. | 1 baño | 1 estac.,https://urbania.pe/inmueble/clasificado/alclapin-alquiler-de-departamento-en-san-isidro-lima-1-dormitorio-149477716?n_src=Listado&n_pills=Piscina&n_pg=1&n_pos=23,12
147915286,Alquiler,Departamento,2026-04-18,"Miraflores, Lima",Miraflores,"S/ 2,990",PEN,2990.0,350.0,3340.0,28.48,105,2.0,3.0,1.0,0,0,0,0,0,No especifica,105 m² tot. | 2 dorm. | 3 baños | 1 estac.,https://urbania.pe/inmueble/clasificado/alclapin-alquiler-de-departamento-en-miraflores-lima-2-dormitorios-147915286?n_src=Listado&n_pills=Guardian%C3%ADa%2FSeguridad+privada&n_pg=1&n_pos=4,13
149478878,Alquiler,Departamento,2026-04-18,"Miraflores, Lima",Miraflores,"S/ 3,400 · USD 1,000",PEN,3400.0,,,56.67,60,1.0,2.0,1.0,1,1,1,1,0,No especifica,60 m² tot. | 1 dorm. | 2 baños | 1 estac.,https://urbania.pe/inmueble/clasificado/alclapin-alquiler-de-departamento-en-miraflores-lima-1-dormitorio-149478878?n_src=Listado&n_pills=Ascensor&n_pg=1&n_pos=16,13
149579660,Alquiler,Departamento,2026-04-18,"Jesús María, Lima",Jesús María,"S/ 2,900",PEN,2900.0,350.0,3250.0,37.18,78,2.0,2.0,,0,0,0,1,0,No especifica,78 m² tot. | 2 dorm. | 2 baños,https://urbania.pe/inmueble/clasificado/alclapin-alquiler-de-departamento-en-jesus-maria-lima-2-dormitorios-149579660?n_src=Listado&n_pills=Guardian%C3%ADa%2FSeguridad+privada&n_pg=1&n_pos=22,13
149396585,Alquiler,Departamento,2026-04-18,"Magdalena, Lima",Magdalena,"S/ 3,777 · USD 1,100",PEN,3777.0,390.0,4167.0,60.92,62,2.0,1.0,1.0,1,1,1,0,0,No especifica,62 m² tot. | 2 dorm. | 1 baño | 1 estac.,https://urbania.pe/inmueble/clasificado/alclapin-alquiler-de-departamento-en-magdalena-lima-2-dormitorios-149396585?n_src=Listado&n_pills=Guardian%C3%ADa%2FSeguridad+privada&n_pg=1&n_pos=13,14
149478878,Alquiler,Departamento,2026-04-18,"Miraflores, Lima",Miraflores,"S/ 3,400 · USD 1,000",PEN,3400.0,,,56.67,60,1.0,2.0,1.0,1,1,1,1,0,No especifica,60 m² tot. | 1 dorm. | 2 baños | 1 estac.,https://urbania.pe/inmueble/clasificado/alclapin-alquiler-de-departamento-en-miraflores-lima-1-dormitorio-149478878?n_src=Listado&n_pills=Parrilla&n_pg=1&n_pos=16,14
147915286,Alquiler,Departamento,2026-04-18,"Miraflores, Lima",Miraflores,"S/ 2,990",PEN,2990.0,350.0,3340.0,28.48,105,2.0,3.0,1.0,0,0,0,0,0,No especifica,105 m² tot. | 2 dorm. | 3 baños | 1 estac.,https://urbania.pe/inmueble/clasificado/alclapin-alquiler-de-departamento-en-miraflores-lima-2-dormitorios-147915286?n_src=Listado&n_pills=Cerca+a+colegios&n_pg=1&n_pos=4,15
147669978,Alquiler,Departamento,2026-04-18,"Miraflores, Lima",Miraflores,"S/ 2,824 · USD 800",PEN,2824.0,220.0,3044.0,40.34,70,2.0,1.0,,0,0,0,0,0,No especifica,70 m² tot. | 2 dorm. | 1 baño,https://urbania.pe/inmueble/clasificado/alclapin-alquiler-de-departamento-en-miraflores-lima-2-dormitorios-147669978?n_src=Listado&n_pills=Ascensor&n_pg=1&n_pos=7,15
149481962,Alquiler,Departamento,2026-04-18,"Miraflores, Lima",Miraflores,"S/ 3,380 · USD 1,000",PEN,3380.0,250.0,3630.0,48.99,69,2.0,2.0,,0,0,0,1,0,No especifica,69 m² tot. | 2 dorm. | 2 baños,https://urbania.pe/inmueble/clasificado/alclapin-alquiler-de-departamento-en-miraflores-lima-2-dormitorios-149481962?n_src=Listado&n_pills=%C3%81rea+de+lavander%C3%ADa&n_pg=1&n_pos=25,15
147915286,Alquiler,Departamento,2026-04-18,"Miraflores, Lima",Miraflores,"S/ 2,990",PEN,2990.0,350.0,3340.0,28.48,105,2.0,3.0,1.0,0,0,0,0,0,No especifica,105 m² tot. | 2 dorm. | 3 baños | 1 estac.,https://urbania.pe/inmueble/clasificado/alclapin-alquiler-de-departamento-en-miraflores-lima-2-dormitorios-147915286?n_src=Listado&n_pills=%C3%81rea+de+lavander%C3%ADa&n_pg=1&n_pos=4,16
149176175,Alquiler,Departamento,2026-04-18,"Miraflores, Lima",Miraflores,"S/ 3,060 · USD 900",PEN,3060.0,350.0,3410.0,38.25,80,2.0,2.0,1.0,1,1,1,1,1,No especifica,80 m² tot. | 2 dorm. | 2 baños | 1 estac.,https://urbania.pe/inmueble/clasificado/alclapin-alquiler-de-departamento-en-miraflores-lima-2-dormitorios-149176175?n_src=Listado&n_pills=Ascensor&n_pg=1&n_pos=8,16
149240786,Alquiler,Departamento,2026-04-18,"Miraflores, Lima",Miraflores,"S/ 12,920 · USD 3,800",PEN,12920.0,1400.0,14320.0,52.73,245,3.0,3.0,2.0,0,0,0,0,0,No especifica,245 m² tot. | 3 dorm. | 3 baños | 2 estac.,https://urbania.pe/inmueble/clasificado/alclapin-alquiler-de-departamento-en-miraflores-lima-3-dormitorios-149240786?n_src=Listado&n_pills=Seguridad&n_pg=1&n_pos=20,16
147206238,Alquiler,Departamento,2026-04-18,"Miraflores, Lima",Miraflores,"S/ 3,855 · USD 1,135",PEN,3855.0,400.0,4255.0,50.72,76,2.0,2.0,,1,1,1,0,1,No especifica,76 m² tot. | 2 dorm. | 2 baños,https://urbania.pe/inmueble/clasificado/alclapin-alquiler-de-departamento-en-miraflores-lima-2-dormitorios-147206238?n_src=Listado&n_pills=Amoblado&n_pg=1&n_pos=26,16
147206238,Alquiler,Departamento,2026-04-18,"Miraflores, Lima",Miraflores,"S/ 3,855 · USD 1,135",PEN,3855.0,400.0,4255.0,50.72,76,2.0,2.0,,1,1,1,0,1,No especifica,76 m² tot. | 2 dorm. | 2 baños,https://urbania.pe/inmueble/clasificado/alclapin-alquiler-de-departamento-en-miraflores-lima-2-dormitorios-147206238?n_src=Listado&n_pills=Ascensor&n_pg=1&n_pos=26,17
149176175,Alquiler,Departamento,2026-04-18,"Miraflores, Lima",Miraflores,"S/ 3,060 · USD 900",PEN,3060.0,350.0,3410.0,38.25,80,2.0,2.0,1.0,1,1,1,1,1,No especifica,80 m² tot. | 2 dorm. | 2 baños | 1 estac.,https://urbania.pe/inmueble/clasificado/alclapin-alquiler-de-departamento-en-miraflores-lima-2-dormitorios-149176175?n_src=Listado&n_pills=Amoblado&n_pg=1&n_pos=8,19
149332648,Alquiler,Departamento,2026-04-18,"Jesús María, Lima",Jesús María,"S/ 2,800",PEN,2800.0,350.0,3150.0,31.46,89,3.0,2.0,1.0,0,1,1,1,1,No especifica,89 m² tot. | 3 dorm. | 2 baños | 1 estac.,https://urbania.pe/inmueble/clasificado/alclapin-alquiler-de-departamento-en-jesus-maria-lima-3-dormitorios-149332648?n_src=Listado&n_pills=%C3%81rea+de+lavander%C3%ADa&n_pg=1&n_pos=17,19
149176175,Alquiler,Departamento,2026-04-18,"Miraflores, Lima",Miraflores,"S/ 3,060 · USD 900",PEN,3060.0,350.0,3410.0,38.25,80,2.0,2.0,1.0,1,1,1,1,1,No especifica,80 m² tot. | 2 dorm. | 2 baños | 1 estac.,https://urbania.pe/inmueble/clasificado/alclapin-alquiler-de-departamento-en-miraflores-lima-2-dormitorios-149176175?n_src=Listado&n_pills=Piscina&n_pg=1&n_pos=8,20
149478878,Alquiler,Departamento,2026-04-18,"Miraflores, Lima",Miraflores,"S/ 3,400 · USD 1,000",PEN,3400.0,,,56.67,60,1.0,2.0,1.0,1,1,1,1,0,No especifica,60 m² tot. | 1 dorm. | 2 baños | 1 estac.,https://urbania.pe/inmueble/clasificado/alclapin-alquiler-de-departamento-en-miraflores-lima-1-dormitorio-149478878?n_src=Listado&n_pills=Amoblado&n_pg=1&n_pos=16,20
147206238,Alquiler,Departamento,2026-04-18,"Miraflores, Lima",Miraflores,"S/ 3,855 · USD 1,135",PEN,3855.0,400.0,4255.0,50.72,76,2.0,2.0,,1,1,1,0,1,No especifica,76 m² tot. | 2 dorm. | 2 baños,https://urbania.pe/inmueble/clasificado/alclapin-alquiler-de-departamento-en-miraflores-lima-2-dormitorios-147206238?n_src=Listado&n_pills=Guardian%C3%ADa%2FSeguridad+privada&n_pg=1&n_pos=26,20
149396585,Alquiler,Departamento,2026-04-18,"Magdalena, Lima",Magdalena,"S/ 3,777 · USD 1,100",PEN,3777.0,390.0,4167.0,60.92,62,2.0,1.0,1.0,1,1,1,0,0,No especifica,62 m² tot. | 2 dorm. | 1 baño | 1 estac.,https://urbania.pe/inmueble/clasificado/alclapin-alquiler-de-departamento-en-magdalena-lima-2-dormitorios-149396585?n_src=Listado&n_pills=%C3%81rea+de+lavander%C3%ADa&n_pg=1&n_pos=13,22
149396585,Alquiler,Departamento,2026-04-18,"Magdalena, Lima",Magdalena,"S/ 3,777 · USD 1,100",PEN,3777.0,390.0,4167.0,60.92,62,2.0,1.0,1.0,1,1,1,0,0,No especifica,62 m² tot. | 2 dorm. | 1 baño | 1 estac.,https://urbania.pe/inmueble/clasificado/alclapin-alquiler-de-departamento-en-magdalena-lima-2-dormitorios-149396585?n_src=Listado&n_pills=Ascensor&n_pg=1&n_pos=13,23
148213833,Alquiler,Departamento,2026-04-18,"Barranco, Lima",Barranco,"S/ 2,140 · USD 640",PEN,2140.0,320.0,2460.0,35.67,60,1.0,1.0,,0,0,0,0,1,No especifica,60 m² tot. | 1 dorm. | 1 baño,https://urbania.pe/inmueble/clasificado/alclapin-alquiler-de-departamento-en-barranco-lima-1-dormitorio-148213833?n_src=Listado&n_pills=Ascensor&n_pg=1&n_pos=4,30
148197978,Alquiler,Departamento,2026-04-18,"Miraflores, Lima",Miraflores,"S/ 4,008 · USD 1,200",PEN,4008.0,500.0,4508.0,25.86,155,3.0,3.0,3.0,0,0,0,0,0,No especifica,155 m² tot. | 3 dorm. | 3 baños | 3 estac.,https://urbania.pe/inmueble/clasificado/alclapin-alquiler-de-departamento-en-miraflores-lima-3-dormitorios-148197978?n_src=Listado&n_pills=Seguridad&n_pg=1&n_pos=5,30
149356195,Alquiler,Departamento,2026-04-18,"Lince, Lima",Lince,"S/ 2,600",PEN,2600.0,220.0,2820.0,47.27,55,2.0,2.0,1.0,1,1,1,0,0,No especifica,55 m² tot. | 2 dorm. | 2 baños | 1 estac.,https://urbania.pe/inmueble/clasificado/alclapin-alquiler-de-departamento-en-lince-lima-2-dormitorios-149356195?n_src=Listado&n_pills=Piscina&n_pg=1&n_pos=6,30
149548029,Alquiler,Departamento,2026-04-18,"Miraflores, Lima",Miraflores,"S/ 2,720 · USD 800",PEN,2720.0,320.0,3040.0,49.45,55,2.0,2.0,,1,1,1,0,0,No especifica,55 m² tot. | 2 dorm. | 2 baños,https://urbania.pe/inmueble/clasificado/alclapin-alquiler-de-departamento-en-miraflores-lima-2-dormitorios-149548029?n_src=Listado&n_pills=Piscina&n_pg=1&n_pos=7,30
149578052,Alquiler,Departamento,2026-04-18,"Santa Beatriz, Lima Cercado",Lima Cercado,"S/ 2,600",PEN,2600.0,320.0,2920.0,36.11,72,3.0,2.0,,0,1,1,1,0,No especifica,72 m² tot. | 3 dorm. | 2 baños,https://urbania.pe/inmueble/clasificado/alclapin-alquiler-de-departamento-en-santa-beatriz-lima-cercado-3-dormitorios-149578052?n_src=Listado&n_pills=Gimnasio&n_pg=1&n_pos=8,30
149324483,Alquiler,Departamento,2026-04-18,"San Isidro, Lima",San Isidro,"S/ 3,400",PEN,3400.0,400.0,3800.0,41.98,81,3.0,2.0,1.0,1,1,1,0,1,No especifica,81 m² tot. | 3 dorm. | 2 baños | 1 estac.,https://urbania.pe/inmueble/clasificado/alclapin-alquiler-de-departamento-en-san-isidro-lima-3-dormitorios-149324483?n_src=Listado&n_pills=Guardian%C3%ADa%2FSeguridad+privada&n_pg=1&n_pos=9,30
144563151,Alquiler,Departamento,2026-04-18,"Miraflores, Lima",Miraflores,"S/ 4,300 · USD 1,265",PEN,4300.0,500.0,4800.0,46.24,93,2.0,2.0,1.0,0,0,0,1,0,No especifica,93 m² tot. | 2 dorm. | 2 baños | 1 estac.,https://urbania.pe/inmueble/clasificado/alclapin-alquiler-de-departamento-en-miraflores-lima-2-dormitorios-144563151?n_src=Listado&n_pills=Amoblado&n_pg=1&n_pos=10,30
149255128,Alquiler,Departamento,2026-04-18,"San Isidro, Lima",San Isidro,"S/ 2,500 · USD 724",PEN,2500.0,165.0,2665.0,52.08,48,1.0,1.0,,0,1,1,0,1,No especifica,48 m² tot. | 1 dorm. | 1 baño,https://urbania.pe/inmueble/clasificado/alclapin-alquiler-de-departamento-en-san-isidro-lima-1-dormitorio-149255128?n_src=Listado&n_pills=Piscina&n_pg=1&n_pos=11,30
145168777,Alquiler,Departamento,2026-04-18,"Santiago de Surco, Lima",Santiago de Surco,"S/ 4,590 · USD 1,350",PEN,4590.0,550.0,5140.0,32.79,140,3.0,2.0,1.0,1,1,1,0,0,No especifica,140 m² tot. | 3 dorm. | 2 baños | 1 estac.,https://urbania.pe/inmueble/clasificado/alclapin-alquiler-de-departamento-en-santiago-de-surco-lima-3-dormitorios-145168777?n_src=Listado&n_pills=Cerca+a+colegios&n_pg=1&n_pos=12,30
149248499,Alquiler,Departamento,2026-04-18,"San Isidro, Lima",San Isidro,"S/ 6,840 · USD 2,000",PEN,6840.0,470.0,7310.0,34.55,198,3.0,4.0,2.0,0,0,0,1,1,No especifica,198 m² tot. | 3 dorm. | 4 baños | 2 estac.,https://urbania.pe/inmueble/clasificado/alclapin-alquiler-de-departamento-en-san-isidro-lima-3-dormitorios-149248499?n_src=Listado&n_pills=Ascensor&n_pg=1&n_pos=13,30
149369085,Alquiler,Departamento,2026-04-18,"Orrantia, San Isidro",San Isidro,"S/ 2,900 · USD 852",PEN,2900.0,500.0,3400.0,30.53,95,2.0,1.0,1.0,0,0,0,0,1,No especifica,95 m² tot. | 2 dorm. | 1 baño | 1 estac.,https://urbania.pe/inmueble/clasificado/alclapin-alquiler-de-departamento-en-orrantia-san-isidro-2-dormitorios-149369085?n_src=Listado&n_pills=Ascensor&n_pg=1&n_pos=14,30
147473467,Alquiler,Departamento,2026-04-18,"Miraflores, Lima",Miraflores,"S/ 3,100",PEN,3100.0,420.0,3520.0,28.97,107,2.0,2.0,1.0,0,0,0,0,0,No especifica,107 m² tot. | 2 dorm. | 2 baños | 1 estac.,https://urbania.pe/inmueble/clasificado/alclapin-alquiler-de-departamento-en-miraflores-lima-2-dormitorios-147473467?n_src=Listado&n_pills=Cerca+a+colegios&n_pg=1&n_pos=15,30
148895643,Alquiler,Departamento,2026-04-18,"Maranga Etapa Iv, San Miguel",San Miguel,"S/ 2,000 · USD 600",PEN,2000.0,160.0,2160.0,23.81,84,3.0,2.0,1.0,0,0,0,0,1,No especifica,84 m² tot. | 3 dorm. | 2 baños | 1 estac.,https://urbania.pe/inmueble/clasificado/alclapin-alquiler-de-departamento-en-maranga-etapa-iv-san-miguel-3-dormitorios-148895643?n_src=Listado&n_pills=Seguridad&n_pg=1&n_pos=16,30
147504712,Alquiler,Departamento,2026-04-18,"Miraflores, Lima",Miraflores,"S/ 2,882 · USD 860",PEN,2882.0,500.0,3382.0,27.45,105,2.0,2.0,1.0,0,0,0,0,0,No especifica,105 m² tot. | 2 dorm. | 2 baños | 1 estac.,https://urbania.pe/inmueble/clasificado/alclapin-alquiler-de-departamento-en-miraflores-lima-2-dormitorios-147504712?n_src=Listado&n_pills=Cerca+a+colegios&n_pg=1&n_pos=17,30
147913942,Alquiler,Departamento,2026-04-18,"Miraflores, Lima",Miraflores,"S/ 3,350 · USD 957",PEN,3350.0,,,47.86,70,2.0,2.0,1.0,0,1,1,0,0,No especifica,70 m² tot. | 2 dorm. | 2 baños | 1 estac.,https://urbania.pe/inmueble/clasificado/alclapin-alquiler-de-departamento-en-miraflores-lima-2-dormitorios-147913942?n_src=Listado&n_pills=Gimnasio&n_pg=1&n_pos=18,30
148421427,Alquiler,Departamento,2026-04-18,"Miraflores, Lima",Miraflores,"S/ 2,780",PEN,2780.0,364.0,3144.0,52.45,53,1.0,1.0,,1,1,1,1,1,No especifica,53 m² tot. | 1 dorm. | 1 baño,https://urbania.pe/inmueble/clasificado/alclapin-alquiler-de-departamento-en-miraflores-lima-1-dormitorio-148421427?n_src=Listado&n_pills=Guardian%C3%ADa%2FSeguridad+privada&n_pg=1&n_pos=19,30
149291267,Alquiler,Departamento,2026-04-18,"Malecón Cisneros, Miraflores",Miraflores,"S/ 4,389 · USD 1,350",PEN,4389.0,350.0,4739.0,36.58,120,3.0,2.0,1.0,0,0,0,1,1,No especifica,120 m² tot. | 3 dorm. | 2 baños | 1 estac.,https://urbania.pe/inmueble/clasificado/alclapin-alquiler-de-departamento-en-malecon-cisneros-miraflores-3-dormitorios-149291267?n_src=Listado&n_pills=Amoblado&n_pg=1&n_pos=20,30
149422596,Alquiler,Departamento,2026-04-18,"Miraflores, Lima",Miraflores,"S/ 5,175 · USD 1,500",PEN,5175.0,550.0,5725.0,38.33,135,3.0,2.0,1.0,0,0,0,1,0,No especifica,135 m² tot. | 3 dorm. | 2 baños | 1 estac.,https://urbania.pe/inmueble/clasificado/alclapin-alquiler-de-departamento-en-miraflores-lima-3-dormitorios-149422596?n_src=Listado&n_pills=Ascensor&n_pg=1&n_pos=21,30
149549571,Alquiler,Departamento,2026-04-18,"Surquillo, Lima",Surquillo,"S/ 3,800 · USD 1,111",PEN,3800.0,280.0,4080.0,47.5,80,3.0,2.0,,1,0,1,1,0,No especifica,80 m² tot. | 3 dorm. | 2 baños,https://urbania.pe/inmueble/clasificado/alclapin-alquiler-de-departamento-en-surquillo-lima-3-dormitorios-149549571?n_src=Listado&n_pills=Amoblado&n_pg=1&n_pos=22,30
145797458,Alquiler,Departamento,2026-04-18,"San Eugenio, Lince",Lince,"S/ 4,590 · USD 1,350",PEN,4590.0,350.0,4940.0,45.9,100,3.0,2.0,1.0,1,1,1,0,0,No especifica,100 m² tot. | 3 dorm. | 2 baños | 1 estac.,https://urbania.pe/inmueble/clasificado/alclapin-alquiler-de-departamento-en-san-eugenio-lince-3-dormitorios-145797458?n_src=Listado&n_pills=Piscina&n_pg=1&n_pos=23,30
147909460,Alquiler,Casa,2026-04-18,"San Isidro, Lima",San Isidro,"S/ 24,000 · USD 7,000",PEN,24000.0,,,57.14,420,10.0,8.0,3.0,1,0,0,0,0,No especifica,420 m² tot. | 10 dorm. | 8 baños | 3 estac.,https://urbania.pe/inmueble/clasificado/alclcain-alquiler-de-casa-en-san-isidro-lima-5-a-mas-dormitorios-147909460?n_src=Listado&n_pills=Piscina&n_pg=1&n_pos=24,30
149086072,Alquiler,Departamento,2026-04-18,"Miraflores, Lima",Miraflores,"S/ 5,040 · USD 1,500",PEN,5040.0,400.0,5440.0,28.0,180,3.0,4.0,2.0,0,0,0,1,0,No especifica,180 m² tot. | 3 dorm. | 4 baños | 2 estac.,https://urbania.pe/inmueble/clasificado/alclapin-alquiler-de-departamento-en-miraflores-lima-3-dormitorios-149086072?n_src=Listado&n_pills=%C3%81rea+de+lavander%C3%ADa&n_pg=1&n_pos=25,30
148883617,Alquiler,Departamento,2026-04-18,"Santiago de Surco, Lima",Santiago de Surco,"S/ 3,852 · USD 1,050",PEN,3852.0,385.0,4237.0,29.63,130,3.0,3.0,2.0,0,0,0,1,0,No especifica,130 m² tot. | 3 dorm. | 3 baños | 2 estac.,https://urbania.pe/inmueble/clasificado/alclapin-alquiler-de-departamento-en-santiago-de-surco-lima-3-dormitorios-148883617?n_src=Listado&n_pills=Seguridad&n_pg=1&n_pos=26,30
149507100,Alquiler,Departamento,2026-04-18,"Santiago de Surco, Lima",Santiago de Surco,"S/ 3,550",PEN,3550.0,210.0,3760.0,28.63,124,3.0,3.0,1.0,0,0,0,0,1,No especifica,124 m² tot. | 3 dorm. | 3 baños | 1 estac.,https://urbania.pe/inmueble/clasificado/alclapin-alquiler-de-departamento-en-santiago-de-surco-lima-3-dormitorios-149507100?n_src=Listado&n_pills=%C3%81rea+de+lavander%C3%ADa&n_pg=1&n_pos=27,30
60601272,Alquiler,Departamento,2026-04-18,"Country Club, San Isidro",San Isidro,"S/ 6,300 · USD 1,850",PEN,6300.0,900.0,7200.0,22.5,280,3.0,4.0,2.0,0,1,0,1,0,No especifica,280 m² tot. | 3 dorm. | 4 baños | 2 estac.,https://urbania.pe/inmueble/clasificado/alclapin-alquiler-de-departamento-en-country-club-san-isidro-3-dormitorios-60601272?n_src=Listado&n_pills=Amoblado&n_pg=1&n_pos=28,30
149509492,Alquiler,Departamento,2026-04-18,"Miraflores, Lima",Miraflores,"S/ 3,709 · USD 1,100",PEN,3709.0,350.0,4059.0,34.66,107,2.0,3.0,1.0,0,0,0,1,1,No especifica,107 m² tot. | 2 dorm. | 3 baños | 1 estac.,https://urbania.pe/inmueble/clasificado/alclapin-alquiler-de-departamento-en-miraflores-lima-2-dormitorios-149509492?n_src=Listado&n_pills=%C3%81rea+de+lavander%C3%ADa&n_pg=1&n_pos=29,30
147473595,Alquiler,Departamento,2026-04-18,"Miraflores, Lima",Miraflores,"S/ 3,696 · USD 1,100",PEN,3696.0,350.0,4046.0,28.43,130,3.0,3.0,1.0,0,0,0,0,0,No especifica,130 m² tot. | 3 dorm. | 3 baños | 1 estac.,https://urbania.pe/inmueble/clasificado/alclapin-alquiler-de-departamento-en-miraflores-lima-3-dormitorios-147473595?n_src=Listado&n_pills=Guardian%C3%ADa%2FSeguridad+privada&n_pg=1&n_pos=30,30
148213833,Alquiler,Departamento,2026-04-18,"Barranco, Lima",Barranco,"S/ 2,140 · USD 640",PEN,2140.0,320.0,2460.0,35.67,60,1.0,1.0,,0,0,0,0,1,No especifica,60 m² tot. | 1 dorm. | 1 baño,https://urbania.pe/inmueble/clasificado/alclapin-alquiler-de-departamento-en-barranco-lima-1-dormitorio-148213833?n_src=Listado&n_pills=Seguridad&n_pg=1&n_pos=4,31
148197978,Alquiler,Departamento,2026-04-18,"Miraflores, Lima",Miraflores,"S/ 4,008 · USD 1,200",PEN,4008.0,500.0,4508.0,25.86,155,3.0,3.0,3.0,0,0,0,0,0,No especifica,155 m² tot. | 3 dorm. | 3 baños | 3 estac.,https://urbania.pe/inmueble/clasificado/alclapin-alquiler-de-departamento-en-miraflores-lima-3-dormitorios-148197978?n_src=Listado&n_pills=Amoblado&n_pg=1&n_pos=5,31
149548029,Alquiler,Departamento,2026-04-18,"Miraflores, Lima",Miraflores,"S/ 2,720 · USD 800",PEN,2720.0,320.0,3040.0,49.45,55,2.0,2.0,,1,1,1,0,0,No especifica,55 m² tot. | 2 dorm. | 2 baños,https://urbania.pe/inmueble/clasificado/alclapin-alquiler-de-departamento-en-miraflores-lima-2-dormitorios-149548029?n_src=Listado&n_pills=Parrilla&n_pg=1&n_pos=7,31
149578052,Alquiler,Departamento,2026-04-18,"Santa Beatriz, Lima Cercado",Lima Cercado,"S/ 2,600",PEN,2600.0,320.0,2920.0,36.11,72,3.0,2.0,,0,1,1,1,0,No especifica,72 m² tot. | 3 dorm. | 2 baños,https://urbania.pe/inmueble/clasificado/alclapin-alquiler-de-departamento-en-santa-beatriz-lima-cercado-3-dormitorios-149578052?n_src=Listado&n_pills=Parrilla&n_pg=1&n_pos=8,31
144563151,Alquiler,Departamento,2026-04-18,"Miraflores, Lima",Miraflores,"S/ 4,300 · USD 1,265",PEN,4300.0,500.0,4800.0,46.24,93,2.0,2.0,1.0,0,0,0,1,0,No especifica,93 m² tot. | 2 dorm. | 2 baños | 1 estac.,https://urbania.pe/inmueble/clasificado/alclapin-alquiler-de-departamento-en-miraflores-lima-2-dormitorios-144563151?n_src=Listado&n_pills=Guardian%C3%ADa%2FSeguridad+privada&n_pg=1&n_pos=10,31
149255128,Alquiler,Departamento,2026-04-18,"San Isidro, Lima",San Isidro,"S/ 2,500 · USD 724",PEN,2500.0,165.0,2665.0,52.08,48,1.0,1.0,,0,1,1,0,1,No especifica,48 m² tot. | 1 dorm. | 1 baño,https://urbania.pe/inmueble/clasificado/alclapin-alquiler-de-departamento-en-san-isidro-lima-1-dormitorio-149255128?n_src=Listado&n_pills=Ascensor&n_pg=1&n_pos=11,31
145168777,Alquiler,Departamento,2026-04-18,"Santiago de Surco, Lima",Santiago de Surco,"S/ 4,590 · USD 1,350",PEN,4590.0,550.0,5140.0,32.79,140,3.0,2.0,1.0,1,1,1,0,0,No especifica,140 m² tot. | 3 dorm. | 2 baños | 1 estac.,https://urbania.pe/inmueble/clasificado/alclapin-alquiler-de-departamento-en-santiago-de-surco-lima-3-dormitorios-145168777?n_src=Listado&n_pills=Guardian%C3%ADa%2FSeguridad+privada&n_pg=1&n_pos=12,31
149248499,Alquiler,Departamento,2026-04-18,"San Isidro, Lima",San Isidro,"S/ 6,840 · USD 2,000",PEN,6840.0,470.0,7310.0,34.55,198,3.0,4.0,2.0,0,0,0,1,1,No especifica,198 m² tot. | 3 dorm. | 4 baños | 2 estac.,https://urbania.pe/inmueble/clasificado/alclapin-alquiler-de-departamento-en-san-isidro-lima-3-dormitorios-149248499?n_src=Listado&n_pills=%C3%81rea+de+lavander%C3%ADa&n_pg=1&n_pos=13,31
147473467,Alquiler,Departamento,2026-04-18,"Miraflores, Lima",Miraflores,"S/ 3,100",PEN,3100.0,420.0,3520.0,28.97,107,2.0,2.0,1.0,0,0,0,0,0,No especifica,107 m² tot. | 2 dorm. | 2 baños | 1 estac.,https://urbania.pe/inmueble/clasificado/alclapin-alquiler-de-departamento-en-miraflores-lima-2-dormitorios-147473467?n_src=Listado&n_pills=Ascensor&n_pg=1&n_pos=15,31
148895643,Alquiler,Departamento,2026-04-18,"Maranga Etapa Iv, San Miguel",San Miguel,"S/ 2,000 · USD 600",PEN,2000.0,160.0,2160.0,23.81,84,3.0,2.0,1.0,0,0,0,0,1,No especifica,84 m² tot. | 3 dorm. | 2 baños | 1 estac.,https://urbania.pe/inmueble/clasificado/alclapin-alquiler-de-departamento-en-maranga-etapa-iv-san-miguel-3-dormitorios-148895643?n_src=Listado&n_pills=%C3%81rea+de+lavander%C3%ADa&n_pg=1&n_pos=16,31
147504712,Alquiler,Departamento,2026-04-18,"Miraflores, Lima",Miraflores,"S/ 2,882 · USD 860",PEN,2882.0,500.0,3382.0,27.45,105,2.0,2.0,1.0,0,0,0,0,0,No especifica,105 m² tot. | 2 dorm. | 2 baños | 1 estac.,https://urbania.pe/inmueble/clasificado/alclapin-alquiler-de-departamento-en-miraflores-lima-2-dormitorios-147504712?n_src=Listado&n_pills=Guardian%C3%ADa%2FSeguridad+privada&n_pg=1&n_pos=17,31
148421427,Alquiler,Departamento,2026-04-18,"Miraflores, Lima",Miraflores,"S/ 2,780",PEN,2780.0,364.0,3144.0,52.45,53,1.0,1.0,,1,1,1,1,1,No especifica,53 m² tot. | 1 dorm. | 1 baño,https://urbania.pe/inmueble/clasificado/alclapin-alquiler-de-departamento-en-miraflores-lima-1-dormitorio-148421427?n_src=Listado&n_pills=Ascensor&n_pg=1&n_pos=19,31
149291267,Alquiler,Departamento,2026-04-18,"Malecón Cisneros, Miraflores",Miraflores,"S/ 4,389 · USD 1,350",PEN,4389.0,350.0,4739.0,36.58,120,3.0,2.0,1.0,0,0,0,1,1,No especifica,120 m² tot. | 3 dorm. | 2 baños | 1 estac.,https://urbania.pe/inmueble/clasificado/alclapin-alquiler-de-departamento-en-malecon-cisneros-miraflores-3-dormitorios-149291267?n_src=Listado&n_pills=Ascensor&n_pg=1&n_pos=20,31
149422596,Alquiler,Departamento,2026-04-18,"Miraflores, Lima",Miraflores,"S/ 5,175 · USD 1,500",PEN,5175.0,550.0,5725.0,38.33,135,3.0,2.0,1.0,0,0,0,1,0,No especifica,135 m² tot. | 3 dorm. | 2 baños | 1 estac.,https://urbania.pe/inmueble/clasificado/alclapin-alquiler-de-departamento-en-miraflores-lima-3-dormitorios-149422596?n_src=Listado&n_pills=Guardian%C3%ADa%2FSeguridad+privada&n_pg=1&n_pos=21,31
149549571,Alquiler,Departamento,2026-04-18,"Surquillo, Lima",Surquillo,"S/ 3,800 · USD 1,111",PEN,3800.0,280.0,4080.0,47.5,80,3.0,2.0,,1,0,1,1,0,No especifica,80 m² tot. | 3 dorm. | 2 baños,https://urbania.pe/inmueble/clasificado/alclapin-alquiler-de-departamento-en-surquillo-lima-3-dormitorios-149549571?n_src=Listado&n_pills=Piscina&n_pg=1&n_pos=22,31
145797458,Alquiler,Departamento,2026-04-18,"San Eugenio, Lince",Lince,"S/ 4,590 · USD 1,350",PEN,4590.0,350.0,4940.0,45.9,100,3.0,2.0,1.0,1,1,1,0,0,No especifica,100 m² tot. | 3 dorm. | 2 baños | 1 estac.,https://urbania.pe/inmueble/clasificado/alclapin-alquiler-de-departamento-en-san-eugenio-lince-3-dormitorios-145797458?n_src=Listado&n_pills=Cerca+a+colegios&n_pg=1&n_pos=23,31
149086072,Alquiler,Departamento,2026-04-18,"Miraflores, Lima",Miraflores,"S/ 5,040 · USD 1,500",PEN,5040.0,400.0,5440.0,28.0,180,3.0,4.0,2.0,0,0,0,1,0,No especifica,180 m² tot. | 3 dorm. | 4 baños | 2 estac.,https://urbania.pe/inmueble/clasificado/alclapin-alquiler-de-departamento-en-miraflores-lima-3-dormitorios-149086072?n_src=Listado&n_pills=Seguridad&n_pg=1&n_pos=25,31
60601272,Alquiler,Departamento,2026-04-18,"Country Club, San Isidro",San Isidro,"S/ 6,300 · USD 1,850",PEN,6300.0,900.0,7200.0,22.5,280,3.0,4.0,2.0,0,1,0,1,0,No especifica,280 m² tot. | 3 dorm. | 4 baños | 2 estac.,https://urbania.pe/inmueble/clasificado/alclapin-alquiler-de-departamento-en-country-club-san-isidro-3-dormitorios-60601272?n_src=Listado&n_pills=Seguridad&n_pg=1&n_pos=28,31
149509492,Alquiler,Departamento,2026-04-18,"Miraflores, Lima",Miraflores,"S/ 3,709 · USD 1,100",PEN,3709.0,350.0,4059.0,34.66,107,2.0,3.0,1.0,0,0,0,1,1,No especifica,107 m² tot. | 2 dorm. | 3 baños | 1 estac.,https://urbania.pe/inmueble/clasificado/alclapin-alquiler-de-departamento-en-miraflores-lima-2-dormitorios-149509492?n_src=Listado&n_pills=Ascensor&n_pg=1&n_pos=29,31
147473595,Alquiler,Departamento,2026-04-18,"Miraflores, Lima",Miraflores,"S/ 3,696 · USD 1,100",PEN,3696.0,350.0,4046.0,28.43,130,3.0,3.0,1.0,0,0,0,0,0,No especifica,130 m² tot. | 3 dorm. | 3 baños | 1 estac.,https://urbania.pe/inmueble/clasificado/alclapin-alquiler-de-departamento-en-miraflores-lima-3-dormitorios-147473595?n_src=Listado&n_pills=Amoblado&n_pg=1&n_pos=30,31
148213833,Alquiler,Departamento,2026-04-18,"Barranco, Lima",Barranco,"S/ 2,140 · USD 640",PEN,2140.0,320.0,2460.0,35.67,60,1.0,1.0,,0,0,0,0,1,No especifica,60 m² tot. | 1 dorm. | 1 baño,https://urbania.pe/inmueble/clasificado/alclapin-alquiler-de-departamento-en-barranco-lima-1-dormitorio-148213833?n_src=Listado&n_pills=%C3%81rea+de+lavander%C3%ADa&n_pg=1&n_pos=4,32
148197978,Alquiler,Departamento,2026-04-18,"Miraflores, Lima",Miraflores,"S/ 4,008 · USD 1,200",PEN,4008.0,500.0,4508.0,25.86,155,3.0,3.0,3.0,0,0,0,0,0,No especifica,155 m² tot. | 3 dorm. | 3 baños | 3 estac.,https://urbania.pe/inmueble/clasificado/alclapin-alquiler-de-departamento-en-miraflores-lima-3-dormitorios-148197978?n_src=Listado&n_pills=%C3%81rea+de+lavander%C3%ADa&n_pg=1&n_pos=5,32
149356195,Alquiler,Departamento,2026-04-18,"Lince, Lima",Lince,"S/ 2,600",PEN,2600.0,220.0,2820.0,47.27,55,2.0,2.0,1.0,1,1,1,0,0,No especifica,55 m² tot. | 2 dorm. | 2 baños | 1 estac.,https://urbania.pe/inmueble/clasificado/alclapin-alquiler-de-departamento-en-lince-lima-2-dormitorios-149356195?n_src=Listado&n_pills=%C3%81rea+de+lavander%C3%ADa&n_pg=1&n_pos=6,32
149578052,Alquiler,Departamento,2026-04-18,"Santa Beatriz, Lima Cercado",Lima Cercado,"S/ 2,600",PEN,2600.0,320.0,2920.0,36.11,72,3.0,2.0,,0,1,1,1,0,No especifica,72 m² tot. | 3 dorm. | 2 baños,https://urbania.pe/inmueble/clasificado/alclapin-alquiler-de-departamento-en-santa-beatriz-lima-cercado-3-dormitorios-149578052?n_src=Listado&n_pills=Seguridad&n_pg=1&n_pos=8,32
149324483,Alquiler,Departamento,2026-04-18,"San Isidro, Lima",San Isidro,"S/ 3,400",PEN,3400.0,400.0,3800.0,41.98,81,3.0,2.0,1.0,1,1,1,0,1,No especifica,81 m² tot. | 3 dorm. | 2 baños | 1 estac.,https://urbania.pe/inmueble/clasificado/alclapin-alquiler-de-departamento-en-san-isidro-lima-3-dormitorios-149324483?n_src=Listado&n_pills=Gimnasio&n_pg=1&n_pos=9,32
144563151,Alquiler,Departamento,2026-04-18,"Miraflores, Lima",Miraflores,"S/ 4,300 · USD 1,265",PEN,4300.0,500.0,4800.0,46.24,93,2.0,2.0,1.0,0,0,0,1,0,No especifica,93 m² tot. | 2 dorm. | 2 baños | 1 estac.,https://urbania.pe/inmueble/clasificado/alclapin-alquiler-de-departamento-en-miraflores-lima-2-dormitorios-144563151?n_src=Listado&n_pills=Ascensor&n_pg=1&n_pos=10,32
149255128,Alquiler,Departamento,2026-04-18,"San Isidro, Lima",San Isidro,"S/ 2,500 · USD 724",PEN,2500.0,165.0,2665.0,52.08,48,1.0,1.0,,0,1,1,0,1,No especifica,48 m² tot. | 1 dorm. | 1 baño,https://urbania.pe/inmueble/clasificado/alclapin-alquiler-de-departamento-en-san-isidro-lima-1-dormitorio-149255128?n_src=Listado&n_pills=Cerca+a+colegios&n_pg=1&n_pos=11,32
149248499,Alquiler,Departamento,2026-04-18,"San Isidro, Lima",San Isidro,"S/ 6,840 · USD 2,000",PEN,6840.0,470.0,7310.0,34.55,198,3.0,4.0,2.0,0,0,0,1,1,No especifica,198 m² tot. | 3 dorm. | 4 baños | 2 estac.,https://urbania.pe/inmueble/clasificado/alclapin-alquiler-de-departamento-en-san-isidro-lima-3-dormitorios-149248499?n_src=Listado&n_pills=Guardian%C3%ADa%2FSeguridad+privada&n_pg=1&n_pos=13,32
147473467,Alquiler,Departamento,2026-04-18,"Miraflores, Lima",Miraflores,"S/ 3,100",PEN,3100.0,420.0,3520.0,28.97,107,2.0,2.0,1.0,0,0,0,0,0,No especifica,107 m² tot. | 2 dorm. | 2 baños | 1 estac.,https://urbania.pe/inmueble/clasificado/alclapin-alquiler-de-departamento-en-miraflores-lima-2-dormitorios-147473467?n_src=Listado&n_pills=%C3%81rea+de+lavander%C3%ADa&n_pg=1&n_pos=15,32
147504712,Alquiler,Departamento,2026-04-18,"Miraflores, Lima",Miraflores,"S/ 2,882 · USD 860",PEN,2882.0,500.0,3382.0,27.45,105,2.0,2.0,1.0,0,0,0,0,0,No especifica,105 m² tot. | 2 dorm. | 2 baños | 1 estac.,https://urbania.pe/inmueble/clasificado/alclapin-alquiler-de-departamento-en-miraflores-lima-2-dormitorios-147504712?n_src=Listado&n_pills=Seguridad&n_pg=1&n_pos=17,32
148421427,Alquiler,Departamento,2026-04-18,"Miraflores, Lima",Miraflores,"S/ 2,780",PEN,2780.0,364.0,3144.0,52.45,53,1.0,1.0,,1,1,1,1,1,No especifica,53 m² tot. | 1 dorm. | 1 baño,https://urbania.pe/inmueble/clasificado/alclapin-alquiler-de-departamento-en-miraflores-lima-1-dormitorio-148421427?n_src=Listado&n_pills=Seguridad&n_pg=1&n_pos=19,32
149549571,Alquiler,Departamento,2026-04-18,"Surquillo, Lima",Surquillo,"S/ 3,800 · USD 1,111",PEN,3800.0,280.0,4080.0,47.5,80,3.0,2.0,,1,0,1,1,0,No especifica,80 m² tot. | 3 dorm. | 2 baños,https://urbania.pe/inmueble/clasificado/alclapin-alquiler-de-departamento-en-surquillo-lima-3-dormitorios-149549571?n_src=Listado&n_pills=Seguridad&n_pg=1&n_pos=22,32
60601272,Alquiler,Departamento,2026-04-18,"Country Club, San Isidro",San Isidro,"S/ 6,300 · USD 1,850",PEN,6300.0,900.0,7200.0,22.5,280,3.0,4.0,2.0,0,1,0,1,0,No especifica,280 m² tot. | 3 dorm. | 4 baños | 2 estac.,https://urbania.pe/inmueble/clasificado/alclapin-alquiler-de-departamento-en-country-club-san-isidro-3-dormitorios-60601272?n_src=Listado&n_pills=Guardian%C3%ADa%2FSeguridad+privada&n_pg=1&n_pos=28,32
149509492,Alquiler,Departamento,2026-04-18,"Miraflores, Lima",Miraflores,"S/ 3,709 · USD 1,100",PEN,3709.0,350.0,4059.0,34.66,107,2.0,3.0,1.0,0,0,0,1,1,No especifica,107 m² tot. | 2 dorm. | 3 baños | 1 estac.,https://urbania.pe/inmueble/clasificado/alclapin-alquiler-de-departamento-en-miraflores-lima-2-dormitorios-149509492?n_src=Listado&n_pills=Seguridad&n_pg=1&n_pos=29,32
148197978,Alquiler,Departamento,2026-04-18,"Miraflores, Lima",Miraflores,"S/ 4,008 · USD 1,200",PEN,4008.0,500.0,4508.0,25.86,155,3.0,3.0,3.0,0,0,0,0,0,No especifica,155 m² tot. | 3 dorm. | 3 baños | 3 estac.,https://urbania.pe/inmueble/clasificado/alclapin-alquiler-de-departamento-en-miraflores-lima-3-dormitorios-148197978?n_src=Listado&n_pills=Ascensor&n_pg=1&n_pos=5,33
149548029,Alquiler,Departamento,2026-04-18,"Miraflores, Lima",Miraflores,"S/ 2,720 · USD 800",PEN,2720.0,320.0,3040.0,49.45,55,2.0,2.0,,1,1,1,0,0,No especifica,55 m² tot. | 2 dorm. | 2 baños,https://urbania.pe/inmueble/clasificado/alclapin-alquiler-de-departamento-en-miraflores-lima-2-dormitorios-149548029?n_src=Listado&n_pills=%C3%81rea+de+lavander%C3%ADa&n_pg=1&n_pos=7,33
149578052,Alquiler,Departamento,2026-04-18,"Santa Beatriz, Lima Cercado",Lima Cercado,"S/ 2,600",PEN,2600.0,320.0,2920.0,36.11,72,3.0,2.0,,0,1,1,1,0,No especifica,72 m² tot. | 3 dorm. | 2 baños,https://urbania.pe/inmueble/clasificado/alclapin-alquiler-de-departamento-en-santa-beatriz-lima-cercado-3-dormitorios-149578052?n_src=Listado&n_pills=Ascensor&n_pg=1&n_pos=8,33
144563151,Alquiler,Departamento,2026-04-18,"Miraflores, Lima",Miraflores,"S/ 4,300 · USD 1,265",PEN,4300.0,500.0,4800.0,46.24,93,2.0,2.0,1.0,0,0,0,1,0,No especifica,93 m² tot. | 2 dorm. | 2 baños | 1 estac.,https://urbania.pe/inmueble/clasificado/alclapin-alquiler-de-departamento-en-miraflores-lima-2-dormitorios-144563151?n_src=Listado&n_pills=%C3%81rea+de+lavander%C3%ADa&n_pg=1&n_pos=10,33
145168777,Alquiler,Departamento,2026-04-18,"Santiago de Surco, Lima",Santiago de Surco,"S/ 4,590 · USD 1,350",PEN,4590.0,550.0,5140.0,32.79,140,3.0,2.0,1.0,1,1,1,0,0,No especifica,140 m² tot. | 3 dorm. | 2 baños | 1 estac.,https://urbania.pe/inmueble/clasificado/alclapin-alquiler-de-departamento-en-santiago-de-surco-lima-3-dormitorios-145168777?n_src=Listado&n_pills=Ascensor&n_pg=1&n_pos=12,33
147473467,Alquiler,Departamento,2026-04-18,"Miraflores, Lima",Miraflores,"S/ 3,100",PEN,3100.0,420.0,3520.0,28.97,107,2.0,2.0,1.0,0,0,0,0,0,No especifica,107 m² tot. | 2 dorm. | 2 baños | 1 estac.,https://urbania.pe/inmueble/clasificado/alclapin-alquiler-de-departamento-en-miraflores-lima-2-dormitorios-147473467?n_src=Listado&n_pills=Parrilla&n_pg=1&n_pos=15,33
148421427,Alquiler,Departamento,2026-04-18,"Miraflores, Lima",Miraflores,"S/ 2,780",PEN,2780.0,364.0,3144.0,52.45,53,1.0,1.0,,1,1,1,1,1,No especifica,53 m² tot. | 1 dorm. | 1 baño,https://urbania.pe/inmueble/clasificado/alclapin-alquiler-de-departamento-en-miraflores-lima-1-dormitorio-148421427?n_src=Listado&n_pills=Parrilla&n_pg=1&n_pos=19,33
149291267,Alquiler,Departamento,2026-04-18,"Malecón Cisneros, Miraflores",Miraflores,"S/ 4,389 · USD 1,350",PEN,4389.0,350.0,4739.0,36.58,120,3.0,2.0,1.0,0,0,0,1,1,No especifica,120 m² tot. | 3 dorm. | 2 baños | 1 estac.,https://urbania.pe/inmueble/clasificado/alclapin-alquiler-de-departamento-en-malecon-cisneros-miraflores-3-dormitorios-149291267?n_src=Listado&n_pills=%C3%81rea+de+lavander%C3%ADa&n_pg=1&n_pos=20,33
149422596,Alquiler,Departamento,2026-04-18,"Miraflores, Lima",Miraflores,"S/ 5,175 · USD 1,500",PEN,5175.0,550.0,5725.0,38.33,135,3.0,2.0,1.0,0,0,0,1,0,No especifica,135 m² tot. | 3 dorm. | 2 baños | 1 estac.,https://urbania.pe/inmueble/clasificado/alclapin-alquiler-de-departamento-en-miraflores-lima-3-dormitorios-149422596?n_src=Listado&n_pills=%C3%81rea+de+lavander%C3%ADa&n_pg=1&n_pos=21,33
145797458,Alquiler,Departamento,2026-04-18,"San Eugenio, Lince",Lince,"S/ 4,590 · USD 1,350",PEN,4590.0,350.0,4940.0,45.9,100,3.0,2.0,1.0,1,1,1,0,0,No especifica,100 m² tot. | 3 dorm. | 2 baños | 1 estac.,https://urbania.pe/inmueble/clasificado/alclapin-alquiler-de-departamento-en-san-eugenio-lince-3-dormitorios-145797458?n_src=Listado&n_pills=%C3%81rea+de+lavander%C3%ADa&n_pg=1&n_pos=23,33
149086072,Alquiler,Departamento,2026-04-18,"Miraflores, Lima",Miraflores,"S/ 5,040 · USD 1,500",PEN,5040.0,400.0,5440.0,28.0,180,3.0,4.0,2.0,0,0,0,1,0,No especifica,180 m² tot. | 3 dorm. | 4 baños | 2 estac.,https://urbania.pe/inmueble/clasificado/alclapin-alquiler-de-departamento-en-miraflores-lima-3-dormitorios-149086072?n_src=Listado&n_pills=Guardian%C3%ADa%2FSeguridad+privada&n_pg=1&n_pos=25,33
148883617,Alquiler,Departamento,2026-04-18,"Santiago de Surco, Lima",Santiago de Surco,"S/ 3,852 · USD 1,050",PEN,3852.0,385.0,4237.0,29.63,130,3.0,3.0,2.0,0,0,0,1,0,No especifica,130 m² tot. | 3 dorm. | 3 baños | 2 estac.,https://urbania.pe/inmueble/clasificado/alclapin-alquiler-de-departamento-en-santiago-de-surco-lima-3-dormitorios-148883617?n_src=Listado&n_pills=Ascensor&n_pg=1&n_pos=26,33
149509492,Alquiler,Departamento,2026-04-18,"Miraflores, Lima",Miraflores,"S/ 3,709 · USD 1,100",PEN,3709.0,350.0,4059.0,34.66,107,2.0,3.0,1.0,0,0,0,1,1,No especifica,107 m² tot. | 2 dorm. | 3 baños | 1 estac.,https://urbania.pe/inmueble/clasificado/alclapin-alquiler-de-departamento-en-miraflores-lima-2-dormitorios-149509492?n_src=Listado&n_pills=Amoblado&n_pg=1&n_pos=29,33
148197978,Alquiler,Departamento,2026-04-18,"Miraflores, Lima",Miraflores,"S/ 4,008 · USD 1,200",PEN,4008.0,500.0,4508.0,25.86,155,3.0,3.0,3.0,0,0,0,0,0,No especifica,155 m² tot. | 3 dorm. | 3 baños | 3 estac.,https://urbania.pe/inmueble/clasificado/alclapin-alquiler-de-departamento-en-miraflores-lima-3-dormitorios-148197978?n_src=Listado&n_pills=Cerca+a+colegios&n_pg=1&n_pos=5,34
149248499,Alquiler,Departamento,2026-04-18,"San Isidro, Lima",San Isidro,"S/ 6,840 · USD 2,000",PEN,6840.0,470.0,7310.0,34.55,198,3.0,4.0,2.0,0,0,0,1,1,No especifica,198 m² tot. | 3 dorm. | 4 baños | 2 estac.,https://urbania.pe/inmueble/clasificado/alclapin-alquiler-de-departamento-en-san-isidro-lima-3-dormitorios-149248499?n_src=Listado&n_pills=Seguridad&n_pg=1&n_pos=13,34
149369085,Alquiler,Departamento,2026-04-18,"Orrantia, San Isidro",San Isidro,"S/ 2,900 · USD 852",PEN,2900.0,500.0,3400.0,30.53,95,2.0,1.0,1.0,0,0,0,0,1,No especifica,95 m² tot. | 2 dorm. | 1 baño | 1 estac.,https://urbania.pe/inmueble/clasificado/alclapin-alquiler-de-departamento-en-orrantia-san-isidro-2-dormitorios-149369085?n_src=Listado&n_pills=%C3%81rea+de+lavander%C3%ADa&n_pg=1&n_pos=14,34
148895643,Alquiler,Departamento,2026-04-18,"Maranga Etapa Iv, San Miguel",San Miguel,"S/ 2,000 · USD 600",PEN,2000.0,160.0,2160.0,23.81,84,3.0,2.0,1.0,0,0,0,0,1,No especifica,84 m² tot. | 3 dorm. | 2 baños | 1 estac.,https://urbania.pe/inmueble/clasificado/alclapin-alquiler-de-departamento-en-maranga-etapa-iv-san-miguel-3-dormitorios-148895643?n_src=Listado&n_pills=Ascensor&n_pg=1&n_pos=16,34
149549571,Alquiler,Departamento,2026-04-18,"Surquillo, Lima",Surquillo,"S/ 3,800 · USD 1,111",PEN,3800.0,280.0,4080.0,47.5,80,3.0,2.0,,1,0,1,1,0,No especifica,80 m² tot. | 3 dorm. | 2 baños,https://urbania.pe/inmueble/clasificado/alclapin-alquiler-de-departamento-en-surquillo-lima-3-dormitorios-149549571?n_src=Listado&n_pills=Ascensor&n_pg=1&n_pos=22,34
60601272,Alquiler,Departamento,2026-04-18,"Country Club, San Isidro",San Isidro,"S/ 6,300 · USD 1,850",PEN,6300.0,900.0,7200.0,22.5,280,3.0,4.0,2.0,0,1,0,1,0,No especifica,280 m² tot. | 3 dorm. | 4 baños | 2 estac.,https://urbania.pe/inmueble/clasificado/alclapin-alquiler-de-departamento-en-country-club-san-isidro-3-dormitorios-60601272?n_src=Listado&n_pills=Frente+a+parque&n_pg=1&n_pos=28,34
147473595,Alquiler,Departamento,2026-04-18,"Miraflores, Lima",Miraflores,"S/ 3,696 · USD 1,100",PEN,3696.0,350.0,4046.0,28.43,130,3.0,3.0,1.0,0,0,0,0,0,No especifica,130 m² tot. | 3 dorm. | 3 baños | 1 estac.,https://urbania.pe/inmueble/clasificado/alclapin-alquiler-de-departamento-en-miraflores-lima-3-dormitorios-147473595?n_src=Listado&n_pills=%C3%81rea+de+lavander%C3%ADa&n_pg=1&n_pos=30,34
148213833,Alquiler,Departamento,2026-04-18,"Barranco, Lima",Barranco,"S/ 2,140 · USD 640",PEN,2140.0,320.0,2460.0,35.67,60,1.0,1.0,,0,0,0,0,1,No especifica,60 m² tot. | 1 dorm. | 1 baño,https://urbania.pe/inmueble/clasificado/alclapin-alquiler-de-departamento-en-barranco-lima-1-dormitorio-148213833?n_src=Listado&n_pills=Amoblado&n_pg=1&n_pos=4,35
148197978,Alquiler,Departamento,2026-04-18,"Miraflores, Lima",Miraflores,"S/ 4,008 · USD 1,200",PEN,4008.0,500.0,4508.0,25.86,155,3.0,3.0,3.0,0,0,0,0,0,No especifica,155 m² tot. | 3 dorm. | 3 baños | 3 estac.,https://urbania.pe/inmueble/clasificado/alclapin-alquiler-de-departamento-en-miraflores-lima-3-dormitorios-148197978?n_src=Listado&n_pills=Guardian%C3%ADa%2FSeguridad+privada&n_pg=1&n_pos=5,35
149356195,Alquiler,Departamento,2026-04-18,"Lince, Lima",Lince,"S/ 2,600",PEN,2600.0,220.0,2820.0,47.27,55,2.0,2.0,1.0,1,1,1,0,0,No especifica,55 m² tot. | 2 dorm. | 2 baños | 1 estac.,https://urbania.pe/inmueble/clasificado/alclapin-alquiler-de-departamento-en-lince-lima-2-dormitorios-149356195?n_src=Listado&n_pills=Gimnasio&n_pg=1&n_pos=6,35
149324483,Alquiler,Departamento,2026-04-18,"San Isidro, Lima",San Isidro,"S/ 3,400",PEN,3400.0,400.0,3800.0,41.98,81,3.0,2.0,1.0,1,1,1,0,1,No especifica,81 m² tot. | 3 dorm. | 2 baños | 1 estac.,https://urbania.pe/inmueble/clasificado/alclapin-alquiler-de-departamento-en-san-isidro-lima-3-dormitorios-149324483?n_src=Listado&n_pills=Piscina&n_pg=1&n_pos=9,35
145168777,Alquiler,Departamento,2026-04-18,"Santiago de Surco, Lima",Santiago de Surco,"S/ 4,590 · USD 1,350",PEN,4590.0,550.0,5140.0,32.79,140,3.0,2.0,1.0,1,1,1,0,0,No especifica,140 m² tot. | 3 dorm. | 2 baños | 1 estac.,https://urbania.pe/inmueble/clasificado/alclapin-alquiler-de-departamento-en-santiago-de-surco-lima-3-dormitorios-145168777?n_src=Listado&n_pills=%C3%81rea+de+lavander%C3%ADa&n_pg=1&n_pos=12,35
147473467,Alquiler,Departamento,2026-04-18,"Miraflores, Lima",Miraflores,"S/ 3,100",PEN,3100.0,420.0,3520.0,28.97,107,2.0,2.0,1.0,0,0,0,0,0,No especifica,107 m² tot. | 2 dorm. | 2 baños | 1 estac.,https://urbania.pe/inmueble/clasificado/alclapin-alquiler-de-departamento-en-miraflores-lima-2-dormitorios-147473467?n_src=Listado&n_pills=Guardian%C3%ADa%2FSeguridad+privada&n_pg=1&n_pos=15,35
148421427,Alquiler,Departamento,2026-04-18,"Miraflores, Lima",Miraflores,"S/ 2,780",PEN,2780.0,364.0,3144.0,52.45,53,1.0,1.0,,1,1,1,1,1,No especifica,53 m² tot. | 1 dorm. | 1 baño,https://urbania.pe/inmueble/clasificado/alclapin-alquiler-de-departamento-en-miraflores-lima-1-dormitorio-148421427?n_src=Listado&n_pills=%C3%81rea+de+lavander%C3%ADa&n_pg=1&n_pos=19,35
148883617,Alquiler,Departamento,2026-04-18,"Santiago de Surco, Lima",Santiago de Surco,"S/ 3,852 · USD 1,050",PEN,3852.0,385.0,4237.0,29.63,130,3.0,3.0,2.0,0,0,0,1,0,No especifica,130 m² tot. | 3 dorm. | 3 baños | 2 estac.,https://urbania.pe/inmueble/clasificado/alclapin-alquiler-de-departamento-en-santiago-de-surco-lima-3-dormitorios-148883617?n_src=Listado&n_pills=%C3%81rea+de+lavander%C3%ADa&n_pg=1&n_pos=26,35
60601272,Alquiler,Departamento,2026-04-18,"Country Club, San Isidro",San Isidro,"S/ 6,300 · USD 1,850",PEN,6300.0,900.0,7200.0,22.5,280,3.0,4.0,2.0,0,1,0,1,0,No especifica,280 m² tot. | 3 dorm. | 4 baños | 2 estac.,https://urbania.pe/inmueble/clasificado/alclapin-alquiler-de-departamento-en-country-club-san-isidro-3-dormitorios-60601272?n_src=Listado&n_pills=Gimnasio&n_pg=1&n_pos=28,35
149509492,Alquiler,Departamento,2026-04-18,"Miraflores, Lima",Miraflores,"S/ 3,709 · USD 1,100",PEN,3709.0,350.0,4059.0,34.66,107,2.0,3.0,1.0,0,0,0,1,1,No especifica,107 m² tot. | 2 dorm. | 3 baños | 1 estac.,https://urbania.pe/inmueble/clasificado/alclapin-alquiler-de-departamento-en-miraflores-lima-2-dormitorios-149509492?n_src=Listado&n_pills=Guardian%C3%ADa%2FSeguridad+privada&n_pg=1&n_pos=29,35
149548029,Alquiler,Departamento,2026-04-18,"Miraflores, Lima",Miraflores,"S/ 2,720 · USD 800",PEN,2720.0,320.0,3040.0,49.45,55,2.0,2.0,,1,1,1,0,0,No especifica,55 m² tot. | 2 dorm. | 2 baños,https://urbania.pe/inmueble/clasificado/alclapin-alquiler-de-departamento-en-miraflores-lima-2-dormitorios-149548029?n_src=Listado&n_pills=Guardian%C3%ADa%2FSeguridad+privada&n_pg=1&n_pos=7,36
149324483,Alquiler,Departamento,2026-04-18,"San Isidro, Lima",San Isidro,"S/ 3,400",PEN,3400.0,400.0,3800.0,41.98,81,3.0,2.0,1.0,1,1,1,0,1,No especifica,81 m² tot. | 3 dorm. | 2 baños | 1 estac.,https://urbania.pe/inmueble/clasificado/alclapin-alquiler-de-departamento-en-san-isidro-lima-3-dormitorios-149324483?n_src=Listado&n_pills=Parrilla&n_pg=1&n_pos=9,36
149255128,Alquiler,Departamento,2026-04-18,"San Isidro, Lima",San Isidro,"S/ 2,500 · USD 724",PEN,2500.0,165.0,2665.0,52.08,48,1.0,1.0,,0,1,1,0,1,No especifica,48 m² tot. | 1 dorm. | 1 baño,https://urbania.pe/inmueble/clasificado/alclapin-alquiler-de-departamento-en-san-isidro-lima-1-dormitorio-149255128?n_src=Listado&n_pills=Guardian%C3%ADa%2FSeguridad+privada&n_pg=1&n_pos=11,36
145168777,Alquiler,Departamento,2026-04-18,"Santiago de Surco, Lima",Santiago de Surco,"S/ 4,590 · USD 1,350",PEN,4590.0,550.0,5140.0,32.79,140,3.0,2.0,1.0,1,1,1,0,0,No especifica,140 m² tot. | 3 dorm. | 2 baños | 1 estac.,https://urbania.pe/inmueble/clasificado/alclapin-alquiler-de-departamento-en-santiago-de-surco-lima-3-dormitorios-145168777?n_src=Listado&n_pills=Parrilla&n_pg=1&n_pos=12,36
147473467,Alquiler,Departamento,2026-04-18,"Miraflores, Lima",Miraflores,"S/ 3,100",PEN,3100.0,420.0,3520.0,28.97,107,2.0,2.0,1.0,0,0,0,0,0,No especifica,107 m² tot. | 2 dorm. | 2 baños | 1 estac.,https://urbania.pe/inmueble/clasificado/alclapin-alquiler-de-departamento-en-miraflores-lima-2-dormitorios-147473467?n_src=Listado&n_pills=Gimnasio&n_pg=1&n_pos=15,36
149324483,Alquiler,Departamento,2026-04-18,"San Isidro, Lima",San Isidro,"S/ 3,400",PEN,3400.0,400.0,3800.0,41.98,81,3.0,2.0,1.0,1,1,1,0,1,No especifica,81 m² tot. | 3 dorm. | 2 baños | 1 estac.,https://urbania.pe/inmueble/clasificado/alclapin-alquiler-de-departamento-en-san-isidro-lima-3-dormitorios-149324483?n_src=Listado&n_pills=%C3%81rea+de+lavander%C3%ADa&n_pg=1&n_pos=9,37
149255128,Alquiler,Departamento,2026-04-18,"San Isidro, Lima",San Isidro,"S/ 2,500 · USD 724",PEN,2500.0,165.0,2665.0,52.08,48,1.0,1.0,,0,1,1,0,1,No especifica,48 m² tot. | 1 dorm. | 1 baño,https://urbania.pe/inmueble/clasificado/alclapin-alquiler-de-departamento-en-san-isidro-lima-1-dormitorio-149255128?n_src=Listado&n_pills=Seguridad&n_pg=1&n_pos=11,37
145168777,Alquiler,Departamento,2026-04-18,"Santiago de Surco, Lima",Santiago de Surco,"S/ 4,590 · USD 1,350",PEN,4590.0,550.0,5140.0,32.79,140,3.0,2.0,1.0,1,1,1,0,0,No especifica,140 m² tot. | 3 dorm. | 2 baños | 1 estac.,https://urbania.pe/inmueble/clasificado/alclapin-alquiler-de-departamento-en-santiago-de-surco-lima-3-dormitorios-145168777?n_src=Listado&n_pills=Piscina&n_pg=1&n_pos=12,37
60601272,Alquiler,Departamento,2026-04-18,"Country Club, San Isidro",San Isidro,"S/ 6,300 · USD 1,850",PEN,6300.0,900.0,7200.0,22.5,280,3.0,4.0,2.0,0,1,0,1,0,No especifica,280 m² tot. | 3 dorm. | 4 baños | 2 estac.,https://urbania.pe/inmueble/clasificado/alclapin-alquiler-de-departamento-en-country-club-san-isidro-3-dormitorios-60601272?n_src=Listado&n_pills=Ascensor&n_pg=1&n_pos=28,37
149324483,Alquiler,Departamento,2026-04-18,"San Isidro, Lima",San Isidro,"S/ 3,400",PEN,3400.0,400.0,3800.0,41.98,81,3.0,2.0,1.0,1,1,1,0,1,No especifica,81 m² tot. | 3 dorm. | 2 baños | 1 estac.,https://urbania.pe/inmueble/clasificado/alclapin-alquiler-de-departamento-en-san-isidro-lima-3-dormitorios-149324483?n_src=Listado&n_pills=Ascensor&n_pg=1&n_pos=9,38
145797458,Alquiler,Departamento,2026-04-18,"San Eugenio, Lince",Lince,"S/ 4,590 · USD 1,350",PEN,4590.0,350.0,4940.0,45.9,100,3.0,2.0,1.0,1,1,1,0,0,No especifica,100 m² tot. | 3 dorm. | 2 baños | 1 estac.,https://urbania.pe/inmueble/clasificado/alclapin-alquiler-de-departamento-en-san-eugenio-lince-3-dormitorios-145797458?n_src=Listado&n_pills=Gimnasio&n_pg=1&n_pos=23,38
147473595,Alquiler,Departamento,2026-04-18,"Miraflores, Lima",Miraflores,"S/ 3,696 · USD 1,100",PEN,3696.0,350.0,4046.0,28.43,130,3.0,3.0,1.0,0,0,0,0,0,No especifica,130 m² tot. | 3 dorm. | 3 baños | 1 estac.,https://urbania.pe/inmueble/clasificado/alclapin-alquiler-de-departamento-en-miraflores-lima-3-dormitorios-147473595?n_src=Listado&n_pills=Cerca+a+colegios&n_pg=1&n_pos=30,38
144563151,Alquiler,Departamento,2026-04-18,"Miraflores, Lima",Miraflores,"S/ 4,300 · USD 1,265",PEN,4300.0,500.0,4800.0,46.24,93,2.0,2.0,1.0,0,0,0,1,0,No especifica,93 m² tot. | 2 dorm. | 2 baños | 1 estac.,https://urbania.pe/inmueble/clasificado/alclapin-alquiler-de-departamento-en-miraflores-lima-2-dormitorios-144563151?n_src=Listado&n_pills=Seguridad&n_pg=1&n_pos=10,39
149255128,Alquiler,Departamento,2026-04-18,"San Isidro, Lima",San Isidro,"S/ 2,500 · USD 724",PEN,2500.0,165.0,2665.0,52.08,48,1.0,1.0,,0,1,1,0,1,No especifica,48 m² tot. | 1 dorm. | 1 baño,https://urbania.pe/inmueble/clasificado/alclapin-alquiler-de-departamento-en-san-isidro-lima-1-dormitorio-149255128?n_src=Listado&n_pills=Gimnasio&n_pg=1&n_pos=11,39
145168777,Alquiler,Departamento,2026-04-18,"Santiago de Surco, Lima",Santiago de Surco,"S/ 4,590 · USD 1,350",PEN,4590.0,550.0,5140.0,32.79,140,3.0,2.0,1.0,1,1,1,0,0,No especifica,140 m² tot. | 3 dorm. | 2 baños | 1 estac.,https://urbania.pe/inmueble/clasificado/alclapin-alquiler-de-departamento-en-santiago-de-surco-lima-3-dormitorios-145168777?n_src=Listado&n_pills=Seguridad&n_pg=1&n_pos=12,39
147473467,Alquiler,Departamento,2026-04-18,"Miraflores, Lima",Miraflores,"S/ 3,100",PEN,3100.0,420.0,3520.0,28.97,107,2.0,2.0,1.0,0,0,0,0,0,No especifica,107 m² tot. | 2 dorm. | 2 baños | 1 estac.,https://urbania.pe/inmueble/clasificado/alclapin-alquiler-de-departamento-en-miraflores-lima-2-dormitorios-147473467?n_src=Listado&n_pills=Amoblado&n_pg=1&n_pos=15,39
147504712,Alquiler,Departamento,2026-04-18,"Miraflores, Lima",Miraflores,"S/ 2,882 · USD 860",PEN,2882.0,500.0,3382.0,27.45,105,2.0,2.0,1.0,0,0,0,0,0,No especifica,105 m² tot. | 2 dorm. | 2 baños | 1 estac.,https://urbania.pe/inmueble/clasificado/alclapin-alquiler-de-departamento-en-miraflores-lima-2-dormitorios-147504712?n_src=Listado&n_pills=%C3%81rea+de+lavander%C3%ADa&n_pg=1&n_pos=17,39
148421427,Alquiler,Departamento,2026-04-18,"Miraflores, Lima",Miraflores,"S/ 2,780",PEN,2780.0,364.0,3144.0,52.45,53,1.0,1.0,,1,1,1,1,1,No especifica,53 m² tot. | 1 dorm. | 1 baño,https://urbania.pe/inmueble/clasificado/alclapin-alquiler-de-departamento-en-miraflores-lima-1-dormitorio-148421427?n_src=Listado&n_pills=Gimnasio&n_pg=1&n_pos=19,39
60601272,Alquiler,Departamento,2026-04-18,"Country Club, San Isidro",San Isidro,"S/ 6,300 · USD 1,850",PEN,6300.0,900.0,7200.0,22.5,280,3.0,4.0,2.0,0,1,0,1,0,No especifica,280 m² tot. | 3 dorm. | 4 baños | 2 estac.,https://urbania.pe/inmueble/clasificado/alclapin-alquiler-de-departamento-en-country-club-san-isidro-3-dormitorios-60601272?n_src=Listado&n_pills=Parrilla&n_pg=1&n_pos=28,39
149255128,Alquiler,Departamento,2026-04-18,"San Isidro, Lima",San Isidro,"S/ 2,500 · USD 724",PEN,2500.0,165.0,2665.0,52.08,48,1.0,1.0,,0,1,1,0,1,No especifica,48 m² tot. | 1 dorm. | 1 baño,https://urbania.pe/inmueble/clasificado/alclapin-alquiler-de-departamento-en-san-isidro-lima-1-dormitorio-149255128?n_src=Listado&n_pills=Amoblado&n_pg=1&n_pos=11,40
145168777,Alquiler,Departamento,2026-04-18,"Santiago de Surco, Lima",Santiago de Surco,"S/ 4,590 · USD 1,350",PEN,4590.0,550.0,5140.0,32.79,140,3.0,2.0,1.0,1,1,1,0,0,No especifica,140 m² tot. | 3 dorm. | 2 baños | 1 estac.,https://urbania.pe/inmueble/clasificado/alclapin-alquiler-de-departamento-en-santiago-de-surco-lima-3-dormitorios-145168777?n_src=Listado&n_pills=Gimnasio&n_pg=1&n_pos=12,40
145797458,Alquiler,Departamento,2026-04-18,"San Eugenio, Lince",Lince,"S/ 4,590 · USD 1,350",PEN,4590.0,350.0,4940.0,45.9,100,3.0,2.0,1.0,1,1,1,0,0,No especifica,100 m² tot. | 3 dorm. | 2 baños | 1 estac.,https://urbania.pe/inmueble/clasificado/alclapin-alquiler-de-departamento-en-san-eugenio-lince-3-dormitorios-145797458?n_src=Listado&n_pills=Ascensor&n_pg=1&n_pos=23,40
149578052,Alquiler,Departamento,2026-04-18,"Santa Beatriz, Lima Cercado",Lima Cercado,"S/ 2,600",PEN,2600.0,320.0,2920.0,36.11,72,3.0,2.0,,0,1,1,1,0,No especifica,72 m² tot. | 3 dorm. | 2 baños,https://urbania.pe/inmueble/clasificado/alclapin-alquiler-de-departamento-en-santa-beatriz-lima-cercado-3-dormitorios-149578052?n_src=Listado&n_pills=Guardian%C3%ADa%2FSeguridad+privada&n_pg=1&n_pos=8,41
149255128,Alquiler,Departamento,2026-04-18,"San Isidro, Lima",San Isidro,"S/ 2,500 · USD 724",PEN,2500.0,165.0,2665.0,52.08,48,1.0,1.0,,0,1,1,0,1,No especifica,48 m² tot. | 1 dorm. | 1 baño,https://urbania.pe/inmueble/clasificado/alclapin-alquiler-de-departamento-en-san-isidro-lima-1-dormitorio-149255128?n_src=Listado&n_pills=Parrilla&n_pg=1&n_pos=11,41
149422596,Alquiler,Departamento,2026-04-18,"Miraflores, Lima",Miraflores,"S/ 5,175 · USD 1,500",PEN,5175.0,550.0,5725.0,38.33,135,3.0,2.0,1.0,0,0,0,1,0,No especifica,135 m² tot. | 3 dorm. | 2 baños | 1 estac.,https://urbania.pe/inmueble/clasificado/alclapin-alquiler-de-departamento-en-miraflores-lima-3-dormitorios-149422596?n_src=Listado&n_pills=Amoblado&n_pg=1&n_pos=21,41
147473595,Alquiler,Departamento,2026-04-18,"Miraflores, Lima",Miraflores,"S/ 3,696 · USD 1,100",PEN,3696.0,350.0,4046.0,28.43,130,3.0,3.0,1.0,0,0,0,0,0,No especifica,130 m² tot. | 3 dorm. | 3 baños | 1 estac.,https://urbania.pe/inmueble/clasificado/alclapin-alquiler-de-departamento-en-miraflores-lima-3-dormitorios-147473595?n_src=Listado&n_pills=Seguridad&n_pg=1&n_pos=30,41
149255128,Alquiler,Departamento,2026-04-18,"San Isidro, Lima",San Isidro,"S/ 2,500 · USD 724",PEN,2500.0,165.0,2665.0,52.08,48,1.0,1.0,,0,1,1,0,1,No especifica,48 m² tot. | 1 dorm. | 1 baño,https://urbania.pe/inmueble/clasificado/alclapin-alquiler-de-departamento-en-san-isidro-lima-1-dormitorio-149255128?n_src=Listado&n_pills=%C3%81rea+de+lavander%C3%ADa&n_pg=1&n_pos=11,42
149422596,Alquiler,Departamento,2026-04-18,"Miraflores, Lima",Miraflores,"S/ 5,175 · USD 1,500",PEN,5175.0,550.0,5725.0,38.33,135,3.0,2.0,1.0,0,0,0,1,0,No especifica,135 m² tot. | 3 dorm. | 2 baños | 1 estac.,https://urbania.pe/inmueble/clasificado/alclapin-alquiler-de-departamento-en-miraflores-lima-3-dormitorios-149422596?n_src=Listado&n_pills=Seguridad&n_pg=1&n_pos=21,42
145797458,Alquiler,Departamento,2026-04-18,"San Eugenio, Lince",Lince,"S/ 4,590 · USD 1,350",PEN,4590.0,350.0,4940.0,45.9,100,3.0,2.0,1.0,1,1,1,0,0,No especifica,100 m² tot. | 3 dorm. | 2 baños | 1 estac.,https://urbania.pe/inmueble/clasificado/alclapin-alquiler-de-departamento-en-san-eugenio-lince-3-dormitorios-145797458?n_src=Listado&n_pills=Guardian%C3%ADa%2FSeguridad+privada&n_pg=1&n_pos=23,42
144563151,Alquiler,Departamento,2026-04-18,"Miraflores, Lima",Miraflores,"S/ 4,300 · USD 1,265",PEN,4300.0,500.0,4800.0,46.24,93,2.0,2.0,1.0,0,0,0,1,0,No especifica,93 m² tot. | 2 dorm. | 2 baños | 1 estac.,https://urbania.pe/inmueble/clasificado/alclapin-alquiler-de-departamento-en-miraflores-lima-2-dormitorios-144563151?n_src=Listado&n_pills=Cerca+a+colegios&n_pg=1&n_pos=10,43
147504712,Alquiler,Departamento,2026-04-18,"Miraflores, Lima",Miraflores,"S/ 2,882 · USD 860",PEN,2882.0,500.0,3382.0,27.45,105,2.0,2.0,1.0,0,0,0,0,0,No especifica,105 m² tot. | 2 dorm. | 2 baños | 1 estac.,https://urbania.pe/inmueble/clasificado/alclapin-alquiler-de-departamento-en-miraflores-lima-2-dormitorios-147504712?n_src=Listado&n_pills=Ascensor&n_pg=1&n_pos=17,44
145797458,Alquiler,Departamento,2026-04-18,"San Eugenio, Lince",Lince,"S/ 4,590 · USD 1,350",PEN,4590.0,350.0,4940.0,45.9,100,3.0,2.0,1.0,1,1,1,0,0,No especifica,100 m² tot. | 3 dorm. | 2 baños | 1 estac.,https://urbania.pe/inmueble/clasificado/alclapin-alquiler-de-departamento-en-san-eugenio-lince-3-dormitorios-145797458?n_src=Listado&n_pills=Seguridad&n_pg=1&n_pos=23,44
148948459,Alquiler,Departamento,2026-04-18,"Miraflores, Lima",Miraflores,"S/ 4,380 · USD 1,300",PEN,4380.0,400.0,4780.0,50.93,86,3.0,3.0,1.0,0,1,1,1,0,No especifica,86 m² tot. | 3 dorm. | 3 baños | 1 estac.,https://urbania.pe/inmueble/clasificado/alclapin-alquiler-de-departamento-en-miraflores-lima-3-dormitorios-148948459?n_src=Listado&n_pills=Guardian%C3%ADa%2FSeguridad+privada&n_pg=1&n_pos=4,45
149322511,Alquiler,Departamento,2026-04-18,"San Isidro, Lima",San Isidro,"S/ 3,500",PEN,3500.0,400.0,3900.0,58.33,60,2.0,2.0,1.0,1,1,1,0,1,No especifica,60 m² tot. | 2 dorm. | 2 baños | 1 estac.,https://urbania.pe/inmueble/clasificado/alclapin-alquiler-de-departamento-en-san-isidro-lima-2-dormitorios-149322511?n_src=Listado&n_pills=Piscina&n_pg=1&n_pos=5,45
149563800,Alquiler,Departamento,2026-04-18,"Miraflores, Lima",Miraflores,"S/ 2,700",PEN,2700.0,,,67.5,40,1.0,1.0,1.0,1,1,0,1,0,No especifica,40 m² tot. | 1 dorm. | 1 baño | 1 estac.,https://urbania.pe/inmueble/clasificado/alclapin-alquiler-de-departamento-en-miraflores-lima-1-dormitorio-149563800?n_src=Listado&n_pills=Piscina&n_pg=1&n_pos=6,45
145797458,Alquiler,Departamento,2026-04-18,"San Eugenio, Lince",Lince,"S/ 4,590 · USD 1,350",PEN,4590.0,350.0,4940.0,45.9,100,3.0,2.0,1.0,1,1,1,0,0,No especifica,100 m² tot. | 3 dorm. | 2 baños | 1 estac.,https://urbania.pe/inmueble/clasificado/alclapin-alquiler-de-departamento-en-san-eugenio-lince-3-dormitorios-145797458?n_src=Listado&n_pills=Guardian%C3%ADa%2FSeguridad+privada&n_pg=1&n_pos=7,45
149521535,Alquiler,Departamento,2026-04-18,"San Miguel, Lima",San Miguel,"S/ 2,200 · USD 600",PEN,2200.0,200.0,2400.0,40.0,55,1.0,1.0,1.0,1,1,1,0,0,No especifica,55 m² tot. | 1 dorm. | 1 baño | 1 estac.,https://urbania.pe/inmueble/clasificado/alclapin-alquiler-de-departamento-en-san-miguel-lima-1-dormitorio-149521535?n_src=Listado&n_pills=Piscina&n_pg=1&n_pos=8,45
149299145,Alquiler,Departamento,2026-04-18,"Miraflores, Lima",Miraflores,"S/ 9,800 · USD 2,850",PEN,9800.0,1050.0,10850.0,56.98,172,1.0,2.0,2.0,0,0,0,0,0,No especifica,172 m² tot. | 1 dorm. | 2 baños | 2 estac.,https://urbania.pe/inmueble/clasificado/alclapin-alquiler-de-departamento-en-miraflores-lima-1-dormitorio-149299145?n_src=Listado&n_pills=%C3%81rea+de+lavander%C3%ADa&n_pg=1&n_pos=9,45
149541072,Alquiler,Departamento,2026-04-18,"Miraflores, Lima",Miraflores,"S/ 4,135 · USD 1,200",PEN,4135.0,600.0,4735.0,57.43,72,2.0,2.0,1.0,0,1,1,0,1,No especifica,72 m² tot. | 2 dorm. | 2 baños | 1 estac.,https://urbania.pe/inmueble/clasificado/alclapin-alquiler-de-departamento-en-miraflores-lima-2-dormitorios-149541072?n_src=Listado&n_pills=Gimnasio&n_pg=1&n_pos=11,45
149508598,Alquiler,Departamento,2026-04-18,"Surquillo, Lima",Surquillo,"S/ 2,900 · USD 850",PEN,2900.0,,,17.06,170,4.0,3.0,,0,0,0,0,0,No especifica,170 m² tot. | 4 dorm. | 3 baños,https://urbania.pe/inmueble/clasificado/alclapin-alquiler-de-departamento-en-surquillo-lima-4-dormitorios-149508598?n_src=Listado&n_pills=%C3%81rea+de+lavander%C3%ADa&n_pg=1&n_pos=12,45
149124024,Alquiler,Departamento,2026-04-18,"Orrantia Del Mar, San Isidro",San Isidro,"S/ 6,000 · USD 1,765",PEN,6000.0,500.0,6500.0,41.96,143,2.0,2.0,2.0,0,1,0,1,1,No especifica,143 m² tot. | 2 dorm. | 2 baños | 2 estac.,https://urbania.pe/inmueble/clasificado/alclapin-alquiler-de-departamento-en-orrantia-del-mar-san-isidro-2-dormitorios-149124024?n_src=Listado&n_pills=Seguridad&n_pg=1&n_pos=13,45
149496264,Alquiler,Departamento,2026-04-18,"Miraflores, Lima",Miraflores,"S/ 4,500 · USD 1,335",PEN,4500.0,500.0,5000.0,60.81,74,2.0,2.0,1.0,0,0,0,0,0,No especifica,74 m² tot. | 2 dorm. | 2 baños | 1 estac.,https://urbania.pe/inmueble/clasificado/alclapin-alquiler-de-departamento-en-miraflores-lima-2-dormitorios-149496264?n_src=Listado&n_pills=Cerca+a+colegios&n_pg=1&n_pos=14,45
66859696,Alquiler,Departamento,2026-04-18,"San Antonio, Miraflores",Miraflores,"S/ 3,000 · USD 900",PEN,3000.0,350.0,3350.0,38.46,78,1.0,1.0,1.0,0,0,0,0,0,No especifica,78 m² tot. | 1 dorm. | 1 baño | 1 estac.,https://urbania.pe/inmueble/clasificado/alclapin-alquiler-de-departamento-en-san-antonio-miraflores-1-dormitorio-66859696?n_src=Listado&n_pills=Amoblado&n_pg=1&n_pos=15,45
149478911,Alquiler,Departamento,2026-04-18,"San Miguel, Lima",San Miguel,"S/ 1,700",PEN,1700.0,180.0,1880.0,41.46,41,1.0,1.0,1.0,1,1,1,0,0,No especifica,41 m² tot. | 1 dorm. | 1 baño | 1 estac.,https://urbania.pe/inmueble/clasificado/alclapin-alquiler-de-departamento-en-san-miguel-lima-1-dormitorio-149478911?n_src=Listado&n_pills=Guardian%C3%ADa%2FSeguridad+privada&n_pg=1&n_pos=16,45
149363467,Alquiler,Departamento,2026-04-18,"Miraflores, Lima",Miraflores,"S/ 6,900 · USD 2,000",PEN,6900.0,800.0,7700.0,53.08,130,2.0,2.0,2.0,1,0,1,0,0,No especifica,130 m² tot. | 2 dorm. | 2 baños | 2 estac.,https://urbania.pe/inmueble/clasificado/alclapin-alquiler-de-departamento-en-miraflores-lima-2-dormitorios-149363467?n_src=Listado&n_pills=%C3%81rea+de+lavander%C3%ADa&n_pg=1&n_pos=17,45
148895584,Alquiler,Departamento,2026-04-18,"Corpac, San Borja",San Borja,"S/ 3,481 · USD 1,000",PEN,3481.0,340.0,3821.0,27.41,127,3.0,3.0,1.0,0,0,0,0,1,No especifica,127 m² tot. | 3 dorm. | 3 baños | 1 estac.,https://urbania.pe/inmueble/clasificado/alclapin-alquiler-de-departamento-en-corpac-san-borja-3-dormitorios-148895584?n_src=Listado&n_pills=%C3%81rea+de+lavander%C3%ADa&n_pg=1&n_pos=18,45
147985258,Alquiler,Departamento,2026-04-18,"Miraflores, Lima",Miraflores,"S/ 5,712 · USD 1,700",PEN,5712.0,1000.0,6712.0,47.6,120,2.0,2.0,,0,0,0,0,0,No especifica,120 m² tot. | 2 dorm. | 2 baños,https://urbania.pe/inmueble/clasificado/alclapin-alquiler-de-departamento-en-miraflores-lima-2-dormitorios-147985258?n_src=Listado&n_pills=Cerca+a+colegios&n_pg=1&n_pos=19,45
4286216,Alquiler,Departamento,2026-04-18,"Miraflores, Lima",Miraflores,"S/ 9,045 · USD 2,700",PEN,9045.0,1082.0,10127.0,28.62,316,3.0,1.0,3.0,1,1,1,0,0,No especifica,316 m² tot. | 3 dorm. | 1 baño | 3 estac.,https://urbania.pe/inmueble/clasificado/alclapin-alquiler-de-departamento-en-miraflores-lima-3-dormitorios-4286216?n_src=Listado&n_pills=Guardian%C3%ADa%2FSeguridad+privada&n_pg=1&n_pos=20,45
149539499,Alquiler,Departamento,2026-04-18,"Chorrillos, Lima",Chorrillos,"S/ 8,500 · USD 2,500",PEN,8500.0,1120.0,9620.0,33.86,251,4.0,3.0,2.0,1,1,0,1,1,No especifica,251 m² tot. | 4 dorm. | 3 baños | 2 estac.,https://urbania.pe/inmueble/clasificado/alclapin-alquiler-de-departamento-en-chorrillos-lima-4-dormitorios-149539499?n_src=Listado&n_pills=Piscina&n_pg=1&n_pos=21,45
149210488,Alquiler,Departamento,2026-04-18,"Barranco, Lima",Barranco,"S/ 5,780 · USD 1,700",PEN,5780.0,1100.0,6880.0,46.24,125,3.0,3.0,2.0,0,1,0,0,0,No especifica,125 m² tot. | 3 dorm. | 3 baños | 2 estac.,https://urbania.pe/inmueble/clasificado/alclapin-alquiler-de-departamento-en-barranco-lima-3-dormitorios-149210488?n_src=Listado&n_pills=Cerca+a+colegios&n_pg=1&n_pos=22,45
148201540,Alquiler,Departamento,2026-04-18,"Miraflores, Lima",Miraflores,"S/ 7,480 · USD 2,200",PEN,7480.0,579.0,8059.0,37.4,200,3.0,2.0,2.0,0,0,0,1,1,No especifica,200 m² tot. | 3 dorm. | 2 baños | 2 estac.,https://urbania.pe/inmueble/clasificado/alclapin-alquiler-de-departamento-en-miraflores-lima-3-dormitorios-148201540?n_src=Listado&n_pills=Ascensor&n_pg=1&n_pos=23,45
148806680,Alquiler,Departamento,2026-04-18,"Barranco, Lima",Barranco,"S/ 2,360 · USD 700",PEN,2360.0,490.0,2850.0,56.19,42,1.0,1.0,,0,0,0,0,0,No especifica,42 m² tot. | 1 dorm. | 1 baño,https://urbania.pe/inmueble/clasificado/alclapin-alquiler-de-departamento-en-barranco-lima-1-dormitorio-148806680?n_src=Listado&n_pills=Cerca+a+colegios&n_pg=1&n_pos=24,45
148653778,Alquiler,Departamento,2026-04-18,"Lince, Lima",Lince,"S/ 2,530 · USD 750",PEN,2530.0,280.0,2810.0,52.71,48,1.0,1.0,,1,1,0,1,1,No especifica,48 m² tot. | 1 dorm. | 1 baño,https://urbania.pe/inmueble/clasificado/alclapin-alquiler-de-departamento-en-lince-lima-1-dormitorio-148653778?n_src=Listado&n_pills=Amoblado&n_pg=1&n_pos=25,45
147474648,Alquiler,Departamento,2026-04-18,"Miraflores, Lima",Miraflores,"S/ 3,176 · USD 950",PEN,3176.0,450.0,3626.0,30.25,105,2.0,3.0,,0,0,0,0,0,No especifica,105 m² tot. | 2 dorm. | 3 baños,https://urbania.pe/inmueble/clasificado/alclapin-alquiler-de-departamento-en-miraflores-lima-2-dormitorios-147474648?n_src=Listado&n_pills=Guardian%C3%ADa%2FSeguridad+privada&n_pg=1&n_pos=26,45
149337170,Alquiler,Departamento,2026-04-18,"Miraflores, Lima",Miraflores,"S/ 4,685 · USD 1,350",PEN,4685.0,530.0,5215.0,46.85,100,2.0,2.0,1.0,0,1,1,1,1,No especifica,100 m² tot. | 2 dorm. | 2 baños | 1 estac.,https://urbania.pe/inmueble/clasificado/alclapin-alquiler-de-departamento-en-miraflores-lima-2-dormitorios-149337170?n_src=Listado&n_pills=Parrilla&n_pg=1&n_pos=27,45
147504712,Alquiler,Departamento,2026-04-18,"Miraflores, Lima",Miraflores,"S/ 2,882 · USD 860",PEN,2882.0,500.0,3382.0,27.45,105,2.0,2.0,1.0,0,0,0,0,0,No especifica,105 m² tot. | 2 dorm. | 2 baños | 1 estac.,https://urbania.pe/inmueble/clasificado/alclapin-alquiler-de-departamento-en-miraflores-lima-2-dormitorios-147504712?n_src=Listado&n_pills=Cerca+a+colegios&n_pg=1&n_pos=28,45
90902416,Alquiler,Departamento,2026-04-18,"Miraflores, Lima",Miraflores,"S/ 2,915 · USD 870",PEN,2915.0,340.0,3255.0,25.35,115,2.0,3.0,1.0,0,0,0,0,0,No especifica,115 m² tot. | 2 dorm. | 3 baños | 1 estac.,https://urbania.pe/inmueble/clasificado/alclapin-alquiler-de-departamento-en-miraflores-lima-2-dormitorios-90902416?n_src=Listado&n_pills=Ascensor&n_pg=1&n_pos=29,45
149450841,Alquiler,Departamento,2026-04-18,"Miraflores, Lima",Miraflores,"S/ 3,800 · USD 1,150",PEN,3800.0,400.0,4200.0,55.07,69,1.0,1.0,1.0,1,1,1,0,1,No especifica,69 m² tot. | 1 dorm. | 1 baño | 1 estac.,https://urbania.pe/inmueble/clasificado/alclapin-alquiler-de-departamento-en-miraflores-lima-1-dormitorio-149450841?n_src=Listado&n_pills=Ascensor&n_pg=1&n_pos=30,45
148948459,Alquiler,Departamento,2026-04-18,"Miraflores, Lima",Miraflores,"S/ 4,380 · USD 1,300",PEN,4380.0,400.0,4780.0,50.93,86,3.0,3.0,1.0,0,1,1,1,0,No especifica,86 m² tot. | 3 dorm. | 3 baños | 1 estac.,https://urbania.pe/inmueble/clasificado/alclapin-alquiler-de-departamento-en-miraflores-lima-3-dormitorios-148948459?n_src=Listado&n_pills=Cerca+a+colegios&n_pg=1&n_pos=4,46
149322511,Alquiler,Departamento,2026-04-18,"San Isidro, Lima",San Isidro,"S/ 3,500",PEN,3500.0,400.0,3900.0,58.33,60,2.0,2.0,1.0,1,1,1,0,1,No especifica,60 m² tot. | 2 dorm. | 2 baños | 1 estac.,https://urbania.pe/inmueble/clasificado/alclapin-alquiler-de-departamento-en-san-isidro-lima-2-dormitorios-149322511?n_src=Listado&n_pills=Gimnasio&n_pg=1&n_pos=5,46
149563800,Alquiler,Departamento,2026-04-18,"Miraflores, Lima",Miraflores,"S/ 2,700",PEN,2700.0,,,67.5,40,1.0,1.0,1.0,1,1,0,1,0,No especifica,40 m² tot. | 1 dorm. | 1 baño | 1 estac.,https://urbania.pe/inmueble/clasificado/alclapin-alquiler-de-departamento-en-miraflores-lima-1-dormitorio-149563800?n_src=Listado&n_pills=Parrilla&n_pg=1&n_pos=6,46
145797458,Alquiler,Departamento,2026-04-18,"San Eugenio, Lince",Lince,"S/ 4,590 · USD 1,350",PEN,4590.0,350.0,4940.0,45.9,100,3.0,2.0,1.0,1,1,1,0,0,No especifica,100 m² tot. | 3 dorm. | 2 baños | 1 estac.,https://urbania.pe/inmueble/clasificado/alclapin-alquiler-de-departamento-en-san-eugenio-lince-3-dormitorios-145797458?n_src=Listado&n_pills=Ascensor&n_pg=1&n_pos=7,46
149521535,Alquiler,Departamento,2026-04-18,"San Miguel, Lima",San Miguel,"S/ 2,200 · USD 600",PEN,2200.0,200.0,2400.0,40.0,55,1.0,1.0,1.0,1,1,1,0,0,No especifica,55 m² tot. | 1 dorm. | 1 baño | 1 estac.,https://urbania.pe/inmueble/clasificado/alclapin-alquiler-de-departamento-en-san-miguel-lima-1-dormitorio-149521535?n_src=Listado&n_pills=Cerca+a+colegios&n_pg=1&n_pos=8,46
149541072,Alquiler,Departamento,2026-04-18,"Miraflores, Lima",Miraflores,"S/ 4,135 · USD 1,200",PEN,4135.0,600.0,4735.0,57.43,72,2.0,2.0,1.0,0,1,1,0,1,No especifica,72 m² tot. | 2 dorm. | 2 baños | 1 estac.,https://urbania.pe/inmueble/clasificado/alclapin-alquiler-de-departamento-en-miraflores-lima-2-dormitorios-149541072?n_src=Listado&n_pills=Seguridad&n_pg=1&n_pos=11,46
66859696,Alquiler,Departamento,2026-04-18,"San Antonio, Miraflores",Miraflores,"S/ 3,000 · USD 900",PEN,3000.0,350.0,3350.0,38.46,78,1.0,1.0,1.0,0,0,0,0,0,No especifica,78 m² tot. | 1 dorm. | 1 baño | 1 estac.,https://urbania.pe/inmueble/clasificado/alclapin-alquiler-de-departamento-en-san-antonio-miraflores-1-dormitorio-66859696?n_src=Listado&n_pills=%C3%81rea+de+lavander%C3%ADa&n_pg=1&n_pos=15,46
149478911,Alquiler,Departamento,2026-04-18,"San Miguel, Lima",San Miguel,"S/ 1,700",PEN,1700.0,180.0,1880.0,41.46,41,1.0,1.0,1.0,1,1,1,0,0,No especifica,41 m² tot. | 1 dorm. | 1 baño | 1 estac.,https://urbania.pe/inmueble/clasificado/alclapin-alquiler-de-departamento-en-san-miguel-lima-1-dormitorio-149478911?n_src=Listado&n_pills=Piscina&n_pg=1&n_pos=16,46
147985258,Alquiler,Departamento,2026-04-18,"Miraflores, Lima",Miraflores,"S/ 5,712 · USD 1,700",PEN,5712.0,1000.0,6712.0,47.6,120,2.0,2.0,,0,0,0,0,0,No especifica,120 m² tot. | 2 dorm. | 2 baños,https://urbania.pe/inmueble/clasificado/alclapin-alquiler-de-departamento-en-miraflores-lima-2-dormitorios-147985258?n_src=Listado&n_pills=Ascensor&n_pg=1&n_pos=19,46
4286216,Alquiler,Departamento,2026-04-18,"Miraflores, Lima",Miraflores,"S/ 9,045 · USD 2,700",PEN,9045.0,1082.0,10127.0,28.62,316,3.0,1.0,3.0,1,1,1,0,0,No especifica,316 m² tot. | 3 dorm. | 1 baño | 3 estac.,https://urbania.pe/inmueble/clasificado/alclapin-alquiler-de-departamento-en-miraflores-lima-3-dormitorios-4286216?n_src=Listado&n_pills=%C3%81rea+de+lavander%C3%ADa&n_pg=1&n_pos=20,46
149539499,Alquiler,Departamento,2026-04-18,"Chorrillos, Lima",Chorrillos,"S/ 8,500 · USD 2,500",PEN,8500.0,1120.0,9620.0,33.86,251,4.0,3.0,2.0,1,1,0,1,1,No especifica,251 m² tot. | 4 dorm. | 3 baños | 2 estac.,https://urbania.pe/inmueble/clasificado/alclapin-alquiler-de-departamento-en-chorrillos-lima-4-dormitorios-149539499?n_src=Listado&n_pills=Seguridad&n_pg=1&n_pos=21,46
149210488,Alquiler,Departamento,2026-04-18,"Barranco, Lima",Barranco,"S/ 5,780 · USD 1,700",PEN,5780.0,1100.0,6880.0,46.24,125,3.0,3.0,2.0,0,1,0,0,0,No especifica,125 m² tot. | 3 dorm. | 3 baños | 2 estac.,https://urbania.pe/inmueble/clasificado/alclapin-alquiler-de-departamento-en-barranco-lima-3-dormitorios-149210488?n_src=Listado&n_pills=Gimnasio&n_pg=1&n_pos=22,46
148201540,Alquiler,Departamento,2026-04-18,"Miraflores, Lima",Miraflores,"S/ 7,480 · USD 2,200",PEN,7480.0,579.0,8059.0,37.4,200,3.0,2.0,2.0,0,0,0,1,1,No especifica,200 m² tot. | 3 dorm. | 2 baños | 2 estac.,https://urbania.pe/inmueble/clasificado/alclapin-alquiler-de-departamento-en-miraflores-lima-3-dormitorios-148201540?n_src=Listado&n_pills=Seguridad&n_pg=1&n_pos=23,46
148806680,Alquiler,Departamento,2026-04-18,"Barranco, Lima",Barranco,"S/ 2,360 · USD 700",PEN,2360.0,490.0,2850.0,56.19,42,1.0,1.0,,0,0,0,0,0,No especifica,42 m² tot. | 1 dorm. | 1 baño,https://urbania.pe/inmueble/clasificado/alclapin-alquiler-de-departamento-en-barranco-lima-1-dormitorio-148806680?n_src=Listado&n_pills=Amoblado&n_pg=1&n_pos=24,46
148653778,Alquiler,Departamento,2026-04-18,"Lince, Lima",Lince,"S/ 2,530 · USD 750",PEN,2530.0,280.0,2810.0,52.71,48,1.0,1.0,,1,1,0,1,1,No especifica,48 m² tot. | 1 dorm. | 1 baño,https://urbania.pe/inmueble/clasificado/alclapin-alquiler-de-departamento-en-lince-lima-1-dormitorio-148653778?n_src=Listado&n_pills=Parrilla&n_pg=1&n_pos=25,46
147474648,Alquiler,Departamento,2026-04-18,"Miraflores, Lima",Miraflores,"S/ 3,176 · USD 950",PEN,3176.0,450.0,3626.0,30.25,105,2.0,3.0,,0,0,0,0,0,No especifica,105 m² tot. | 2 dorm. | 3 baños,https://urbania.pe/inmueble/clasificado/alclapin-alquiler-de-departamento-en-miraflores-lima-2-dormitorios-147474648?n_src=Listado&n_pills=%C3%81rea+de+lavander%C3%ADa&n_pg=1&n_pos=26,46
147504712,Alquiler,Departamento,2026-04-18,"Miraflores, Lima",Miraflores,"S/ 2,882 · USD 860",PEN,2882.0,500.0,3382.0,27.45,105,2.0,2.0,1.0,0,0,0,0,0,No especifica,105 m² tot. | 2 dorm. | 2 baños | 1 estac.,https://urbania.pe/inmueble/clasificado/alclapin-alquiler-de-departamento-en-miraflores-lima-2-dormitorios-147504712?n_src=Listado&n_pills=%C3%81rea+de+lavander%C3%ADa&n_pg=1&n_pos=28,46
90902416,Alquiler,Departamento,2026-04-18,"Miraflores, Lima",Miraflores,"S/ 2,915 · USD 870",PEN,2915.0,340.0,3255.0,25.35,115,2.0,3.0,1.0,0,0,0,0,0,No especifica,115 m² tot. | 2 dorm. | 3 baños | 1 estac.,https://urbania.pe/inmueble/clasificado/alclapin-alquiler-de-departamento-en-miraflores-lima-2-dormitorios-90902416?n_src=Listado&n_pills=Cerca+a+colegios&n_pg=1&n_pos=29,46
149578052,Alquiler,Departamento,2026-04-18,"Santa Beatriz, Lima Cercado",Lima Cercado,"S/ 2,600",PEN,2600.0,320.0,2920.0,36.11,72,3.0,2.0,,0,1,1,1,0,No especifica,72 m² tot. | 3 dorm. | 2 baños,https://urbania.pe/inmueble/clasificado/alclapin-alquiler-de-departamento-en-santa-beatriz-lima-cercado-3-dormitorios-149578052?n_src=Listado&n_pills=%C3%81rea+de+lavander%C3%ADa&n_pg=1&n_pos=8,47
60601272,Alquiler,Departamento,2026-04-18,"Country Club, San Isidro",San Isidro,"S/ 6,300 · USD 1,850",PEN,6300.0,900.0,7200.0,22.5,280,3.0,4.0,2.0,0,1,0,1,0,No especifica,280 m² tot. | 3 dorm. | 4 baños | 2 estac.,https://urbania.pe/inmueble/clasificado/alclapin-alquiler-de-departamento-en-country-club-san-isidro-3-dormitorios-60601272?n_src=Listado&n_pills=Cerca+a+colegios&n_pg=1&n_pos=28,47
148948459,Alquiler,Departamento,2026-04-18,"Miraflores, Lima",Miraflores,"S/ 4,380 · USD 1,300",PEN,4380.0,400.0,4780.0,50.93,86,3.0,3.0,1.0,0,1,1,1,0,No especifica,86 m² tot. | 3 dorm. | 3 baños | 1 estac.,https://urbania.pe/inmueble/clasificado/alclapin-alquiler-de-departamento-en-miraflores-lima-3-dormitorios-148948459?n_src=Listado&n_pills=Gimnasio&n_pg=1&n_pos=4,48
149322511,Alquiler,Departamento,2026-04-18,"San Isidro, Lima",San Isidro,"S/ 3,500",PEN,3500.0,400.0,3900.0,58.33,60,2.0,2.0,1.0,1,1,1,0,1,No especifica,60 m² tot. | 2 dorm. | 2 baños | 1 estac.,https://urbania.pe/inmueble/clasificado/alclapin-alquiler-de-departamento-en-san-isidro-lima-2-dormitorios-149322511?n_src=Listado&n_pills=Ascensor&n_pg=1&n_pos=5,48
149563800,Alquiler,Departamento,2026-04-18,"Miraflores, Lima",Miraflores,"S/ 2,700",PEN,2700.0,,,67.5,40,1.0,1.0,1.0,1,1,0,1,0,No especifica,40 m² tot. | 1 dorm. | 1 baño | 1 estac.,https://urbania.pe/inmueble/clasificado/alclapin-alquiler-de-departamento-en-miraflores-lima-1-dormitorio-149563800?n_src=Listado&n_pills=Seguridad&n_pg=1&n_pos=6,48
145797458,Alquiler,Departamento,2026-04-18,"San Eugenio, Lince",Lince,"S/ 4,590 · USD 1,350",PEN,4590.0,350.0,4940.0,45.9,100,3.0,2.0,1.0,1,1,1,0,0,No especifica,100 m² tot. | 3 dorm. | 2 baños | 1 estac.,https://urbania.pe/inmueble/clasificado/alclapin-alquiler-de-departamento-en-san-eugenio-lince-3-dormitorios-145797458?n_src=Listado&n_pills=Cerca+a+colegios&n_pg=1&n_pos=7,48
149521535,Alquiler,Departamento,2026-04-18,"San Miguel, Lima",San Miguel,"S/ 2,200 · USD 600",PEN,2200.0,200.0,2400.0,40.0,55,1.0,1.0,1.0,1,1,1,0,0,No especifica,55 m² tot. | 1 dorm. | 1 baño | 1 estac.,https://urbania.pe/inmueble/clasificado/alclapin-alquiler-de-departamento-en-san-miguel-lima-1-dormitorio-149521535?n_src=Listado&n_pills=%C3%81rea+de+lavander%C3%ADa&n_pg=1&n_pos=8,48
149299145,Alquiler,Departamento,2026-04-18,"Miraflores, Lima",Miraflores,"S/ 9,800 · USD 2,850",PEN,9800.0,1050.0,10850.0,56.98,172,1.0,2.0,2.0,0,0,0,0,0,No especifica,172 m² tot. | 1 dorm. | 2 baños | 2 estac.,https://urbania.pe/inmueble/clasificado/alclapin-alquiler-de-departamento-en-miraflores-lima-1-dormitorio-149299145?n_src=Listado&n_pills=Ascensor&n_pg=1&n_pos=9,48
149541072,Alquiler,Departamento,2026-04-18,"Miraflores, Lima",Miraflores,"S/ 4,135 · USD 1,200",PEN,4135.0,600.0,4735.0,57.43,72,2.0,2.0,1.0,0,1,1,0,1,No especifica,72 m² tot. | 2 dorm. | 2 baños | 1 estac.,https://urbania.pe/inmueble/clasificado/alclapin-alquiler-de-departamento-en-miraflores-lima-2-dormitorios-149541072?n_src=Listado&n_pills=Guardian%C3%ADa%2FSeguridad+privada&n_pg=1&n_pos=11,48
149124024,Alquiler,Departamento,2026-04-18,"Orrantia Del Mar, San Isidro",San Isidro,"S/ 6,000 · USD 1,765",PEN,6000.0,500.0,6500.0,41.96,143,2.0,2.0,2.0,0,1,0,1,1,No especifica,143 m² tot. | 2 dorm. | 2 baños | 2 estac.,https://urbania.pe/inmueble/clasificado/alclapin-alquiler-de-departamento-en-orrantia-del-mar-san-isidro-2-dormitorios-149124024?n_src=Listado&n_pills=%C3%81rea+de+lavander%C3%ADa&n_pg=1&n_pos=13,48
66859696,Alquiler,Departamento,2026-04-18,"San Antonio, Miraflores",Miraflores,"S/ 3,000 · USD 900",PEN,3000.0,350.0,3350.0,38.46,78,1.0,1.0,1.0,0,0,0,0,0,No especifica,78 m² tot. | 1 dorm. | 1 baño | 1 estac.,https://urbania.pe/inmueble/clasificado/alclapin-alquiler-de-departamento-en-san-antonio-miraflores-1-dormitorio-66859696?n_src=Listado&n_pills=Cerca+a+colegios&n_pg=1&n_pos=15,48
149478911,Alquiler,Departamento,2026-04-18,"San Miguel, Lima",San Miguel,"S/ 1,700",PEN,1700.0,180.0,1880.0,41.46,41,1.0,1.0,1.0,1,1,1,0,0,No especifica,41 m² tot. | 1 dorm. | 1 baño | 1 estac.,https://urbania.pe/inmueble/clasificado/alclapin-alquiler-de-departamento-en-san-miguel-lima-1-dormitorio-149478911?n_src=Listado&n_pills=Seguridad&n_pg=1&n_pos=16,48
149363467,Alquiler,Departamento,2026-04-18,"Miraflores, Lima",Miraflores,"S/ 6,900 · USD 2,000",PEN,6900.0,800.0,7700.0,53.08,130,2.0,2.0,2.0,1,0,1,0,0,No especifica,130 m² tot. | 2 dorm. | 2 baños | 2 estac.,https://urbania.pe/inmueble/clasificado/alclapin-alquiler-de-departamento-en-miraflores-lima-2-dormitorios-149363467?n_src=Listado&n_pills=Guardian%C3%ADa%2FSeguridad+privada&n_pg=1&n_pos=17,48
148895584,Alquiler,Departamento,2026-04-18,"Corpac, San Borja",San Borja,"S/ 3,481 · USD 1,000",PEN,3481.0,340.0,3821.0,27.41,127,3.0,3.0,1.0,0,0,0,0,1,No especifica,127 m² tot. | 3 dorm. | 3 baños | 1 estac.,https://urbania.pe/inmueble/clasificado/alclapin-alquiler-de-departamento-en-corpac-san-borja-3-dormitorios-148895584?n_src=Listado&n_pills=Cerca+a+colegios&n_pg=1&n_pos=18,48
147985258,Alquiler,Departamento,2026-04-18,"Miraflores, Lima",Miraflores,"S/ 5,712 · USD 1,700",PEN,5712.0,1000.0,6712.0,47.6,120,2.0,2.0,,0,0,0,0,0,No especifica,120 m² tot. | 2 dorm. | 2 baños,https://urbania.pe/inmueble/clasificado/alclapin-alquiler-de-departamento-en-miraflores-lima-2-dormitorios-147985258?n_src=Listado&n_pills=Guardian%C3%ADa%2FSeguridad+privada&n_pg=1&n_pos=19,48
4286216,Alquiler,Departamento,2026-04-18,"Miraflores, Lima",Miraflores,"S/ 9,045 · USD 2,700",PEN,9045.0,1082.0,10127.0,28.62,316,3.0,1.0,3.0,1,1,1,0,0,No especifica,316 m² tot. | 3 dorm. | 1 baño | 3 estac.,https://urbania.pe/inmueble/clasificado/alclapin-alquiler-de-departamento-en-miraflores-lima-3-dormitorios-4286216?n_src=Listado&n_pills=Gimnasio&n_pg=1&n_pos=20,48
148806680,Alquiler,Departamento,2026-04-18,"Barranco, Lima",Barranco,"S/ 2,360 · USD 700",PEN,2360.0,490.0,2850.0,56.19,42,1.0,1.0,,0,0,0,0,0,No especifica,42 m² tot. | 1 dorm. | 1 baño,https://urbania.pe/inmueble/clasificado/alclapin-alquiler-de-departamento-en-barranco-lima-1-dormitorio-148806680?n_src=Listado&n_pills=Guardian%C3%ADa%2FSeguridad+privada&n_pg=1&n_pos=24,48
148653778,Alquiler,Departamento,2026-04-18,"Lince, Lima",Lince,"S/ 2,530 · USD 750",PEN,2530.0,280.0,2810.0,52.71,48,1.0,1.0,,1,1,0,1,1,No especifica,48 m² tot. | 1 dorm. | 1 baño,https://urbania.pe/inmueble/clasificado/alclapin-alquiler-de-departamento-en-lince-lima-1-dormitorio-148653778?n_src=Listado&n_pills=Cerca+a+colegios&n_pg=1&n_pos=25,48
149337170,Alquiler,Departamento,2026-04-18,"Miraflores, Lima",Miraflores,"S/ 4,685 · USD 1,350",PEN,4685.0,530.0,5215.0,46.85,100,2.0,2.0,1.0,0,1,1,1,1,No especifica,100 m² tot. | 2 dorm. | 2 baños | 1 estac.,https://urbania.pe/inmueble/clasificado/alclapin-alquiler-de-departamento-en-miraflores-lima-2-dormitorios-149337170?n_src=Listado&n_pills=Gimnasio&n_pg=1&n_pos=27,48
147504712,Alquiler,Departamento,2026-04-18,"Miraflores, Lima",Miraflores,"S/ 2,882 · USD 860",PEN,2882.0,500.0,3382.0,27.45,105,2.0,2.0,1.0,0,0,0,0,0,No especifica,105 m² tot. | 2 dorm. | 2 baños | 1 estac.,https://urbania.pe/inmueble/clasificado/alclapin-alquiler-de-departamento-en-miraflores-lima-2-dormitorios-147504712?n_src=Listado&n_pills=Ascensor&n_pg=1&n_pos=28,48
90902416,Alquiler,Departamento,2026-04-18,"Miraflores, Lima",Miraflores,"S/ 2,915 · USD 870",PEN,2915.0,340.0,3255.0,25.35,115,2.0,3.0,1.0,0,0,0,0,0,No especifica,115 m² tot. | 2 dorm. | 3 baños | 1 estac.,https://urbania.pe/inmueble/clasificado/alclapin-alquiler-de-departamento-en-miraflores-lima-2-dormitorios-90902416?n_src=Listado&n_pills=Seguridad&n_pg=1&n_pos=29,48
149450841,Alquiler,Departamento,2026-04-18,"Miraflores, Lima",Miraflores,"S/ 3,800 · USD 1,150",PEN,3800.0,400.0,4200.0,55.07,69,1.0,1.0,1.0,1,1,1,0,1,No especifica,69 m² tot. | 1 dorm. | 1 baño | 1 estac.,https://urbania.pe/inmueble/clasificado/alclapin-alquiler-de-departamento-en-miraflores-lima-1-dormitorio-149450841?n_src=Listado&n_pills=Piscina&n_pg=1&n_pos=30,48
145797458,Alquiler,Departamento,2026-04-18,"San Eugenio, Lince",Lince,"S/ 4,590 · USD 1,350",PEN,4590.0,350.0,4940.0,45.9,100,3.0,2.0,1.0,1,1,1,0,0,No especifica,100 m² tot. | 3 dorm. | 2 baños | 1 estac.,https://urbania.pe/inmueble/clasificado/alclapin-alquiler-de-departamento-en-san-eugenio-lince-3-dormitorios-145797458?n_src=Listado&n_pills=Parrilla&n_pg=1&n_pos=7,49
149521535,Alquiler,Departamento,2026-04-18,"San Miguel, Lima",San Miguel,"S/ 2,200 · USD 600",PEN,2200.0,200.0,2400.0,40.0,55,1.0,1.0,1.0,1,1,1,0,0,No especifica,55 m² tot. | 1 dorm. | 1 baño | 1 estac.,https://urbania.pe/inmueble/clasificado/alclapin-alquiler-de-departamento-en-san-miguel-lima-1-dormitorio-149521535?n_src=Listado&n_pills=Ascensor&n_pg=1&n_pos=8,49
149541072,Alquiler,Departamento,2026-04-18,"Miraflores, Lima",Miraflores,"S/ 4,135 · USD 1,200",PEN,4135.0,600.0,4735.0,57.43,72,2.0,2.0,1.0,0,1,1,0,1,No especifica,72 m² tot. | 2 dorm. | 2 baños | 1 estac.,https://urbania.pe/inmueble/clasificado/alclapin-alquiler-de-departamento-en-miraflores-lima-2-dormitorios-149541072?n_src=Listado&n_pills=Parrilla&n_pg=1&n_pos=11,49
149478911,Alquiler,Departamento,2026-04-18,"San Miguel, Lima",San Miguel,"S/ 1,700",PEN,1700.0,180.0,1880.0,41.46,41,1.0,1.0,1.0,1,1,1,0,0,No especifica,41 m² tot. | 1 dorm. | 1 baño | 1 estac.,https://urbania.pe/inmueble/clasificado/alclapin-alquiler-de-departamento-en-san-miguel-lima-1-dormitorio-149478911?n_src=Listado&n_pills=%C3%81rea+de+lavander%C3%ADa&n_pg=1&n_pos=16,49
147985258,Alquiler,Departamento,2026-04-18,"Miraflores, Lima",Miraflores,"S/ 5,712 · USD 1,700",PEN,5712.0,1000.0,6712.0,47.6,120,2.0,2.0,,0,0,0,0,0,No especifica,120 m² tot. | 2 dorm. | 2 baños,https://urbania.pe/inmueble/clasificado/alclapin-alquiler-de-departamento-en-miraflores-lima-2-dormitorios-147985258?n_src=Listado&n_pills=Amoblado&n_pg=1&n_pos=19,49
4286216,Alquiler,Departamento,2026-04-18,"Miraflores, Lima",Miraflores,"S/ 9,045 · USD 2,700",PEN,9045.0,1082.0,10127.0,28.62,316,3.0,1.0,3.0,1,1,1,0,0,No especifica,316 m² tot. | 3 dorm. | 1 baño | 3 estac.,https://urbania.pe/inmueble/clasificado/alclapin-alquiler-de-departamento-en-miraflores-lima-3-dormitorios-4286216?n_src=Listado&n_pills=Seguridad&n_pg=1&n_pos=20,49
149539499,Alquiler,Departamento,2026-04-18,"Chorrillos, Lima",Chorrillos,"S/ 8,500 · USD 2,500",PEN,8500.0,1120.0,9620.0,33.86,251,4.0,3.0,2.0,1,1,0,1,1,No especifica,251 m² tot. | 4 dorm. | 3 baños | 2 estac.,https://urbania.pe/inmueble/clasificado/alclapin-alquiler-de-departamento-en-chorrillos-lima-4-dormitorios-149539499?n_src=Listado&n_pills=Amoblado&n_pg=1&n_pos=21,49
149210488,Alquiler,Departamento,2026-04-18,"Barranco, Lima",Barranco,"S/ 5,780 · USD 1,700",PEN,5780.0,1100.0,6880.0,46.24,125,3.0,3.0,2.0,0,1,0,0,0,No especifica,125 m² tot. | 3 dorm. | 3 baños | 2 estac.,https://urbania.pe/inmueble/clasificado/alclapin-alquiler-de-departamento-en-barranco-lima-3-dormitorios-149210488?n_src=Listado&n_pills=Guardian%C3%ADa%2FSeguridad+privada&n_pg=1&n_pos=22,49
148806680,Alquiler,Departamento,2026-04-18,"Barranco, Lima",Barranco,"S/ 2,360 · USD 700",PEN,2360.0,490.0,2850.0,56.19,42,1.0,1.0,,0,0,0,0,0,No especifica,42 m² tot. | 1 dorm. | 1 baño,https://urbania.pe/inmueble/clasificado/alclapin-alquiler-de-departamento-en-barranco-lima-1-dormitorio-148806680?n_src=Listado&n_pills=%C3%81rea+de+lavander%C3%ADa&n_pg=1&n_pos=24,49
148653778,Alquiler,Departamento,2026-04-18,"Lince, Lima",Lince,"S/ 2,530 · USD 750",PEN,2530.0,280.0,2810.0,52.71,48,1.0,1.0,,1,1,0,1,1,No especifica,48 m² tot. | 1 dorm. | 1 baño,https://urbania.pe/inmueble/clasificado/alclapin-alquiler-de-departamento-en-lince-lima-1-dormitorio-148653778?n_src=Listado&n_pills=Piscina&n_pg=1&n_pos=25,49
149337170,Alquiler,Departamento,2026-04-18,"Miraflores, Lima",Miraflores,"S/ 4,685 · USD 1,350",PEN,4685.0,530.0,5215.0,46.85,100,2.0,2.0,1.0,0,1,1,1,1,No especifica,100 m² tot. | 2 dorm. | 2 baños | 1 estac.,https://urbania.pe/inmueble/clasificado/alclapin-alquiler-de-departamento-en-miraflores-lima-2-dormitorios-149337170?n_src=Listado&n_pills=Seguridad&n_pg=1&n_pos=27,49
147504712,Alquiler,Departamento,2026-04-18,"Miraflores, Lima",Miraflores,"S/ 2,882 · USD 860",PEN,2882.0,500.0,3382.0,27.45,105,2.0,2.0,1.0,0,0,0,0,0,No especifica,105 m² tot. | 2 dorm. | 2 baños | 1 estac.,https://urbania.pe/inmueble/clasificado/alclapin-alquiler-de-departamento-en-miraflores-lima-2-dormitorios-147504712?n_src=Listado&n_pills=Guardian%C3%ADa%2FSeguridad+privada&n_pg=1&n_pos=28,49
149450841,Alquiler,Departamento,2026-04-18,"Miraflores, Lima",Miraflores,"S/ 3,800 · USD 1,150",PEN,3800.0,400.0,4200.0,55.07,69,1.0,1.0,1.0,1,1,1,0,1,No especifica,69 m² tot. | 1 dorm. | 1 baño | 1 estac.,https://urbania.pe/inmueble/clasificado/alclapin-alquiler-de-departamento-en-miraflores-lima-1-dormitorio-149450841?n_src=Listado&n_pills=Gimnasio&n_pg=1&n_pos=30,49
149521535,Alquiler,Departamento,2026-04-18,"San Miguel, Lima",San Miguel,"S/ 2,200 · USD 600",PEN,2200.0,200.0,2400.0,40.0,55,1.0,1.0,1.0,1,1,1,0,0,No especifica,55 m² tot. | 1 dorm. | 1 baño | 1 estac.,https://urbania.pe/inmueble/clasificado/alclapin-alquiler-de-departamento-en-san-miguel-lima-1-dormitorio-149521535?n_src=Listado&n_pills=Amoblado&n_pg=1&n_pos=8,50
149299145,Alquiler,Departamento,2026-04-18,"Miraflores, Lima",Miraflores,"S/ 9,800 · USD 2,850",PEN,9800.0,1050.0,10850.0,56.98,172,1.0,2.0,2.0,0,0,0,0,0,No especifica,172 m² tot. | 1 dorm. | 2 baños | 2 estac.,https://urbania.pe/inmueble/clasificado/alclapin-alquiler-de-departamento-en-miraflores-lima-1-dormitorio-149299145?n_src=Listado&n_pills=Amoblado&n_pg=1&n_pos=9,50
149541072,Alquiler,Departamento,2026-04-18,"Miraflores, Lima",Miraflores,"S/ 4,135 · USD 1,200",PEN,4135.0,600.0,4735.0,57.43,72,2.0,2.0,1.0,0,1,1,0,1,No especifica,72 m² tot. | 2 dorm. | 2 baños | 1 estac.,https://urbania.pe/inmueble/clasificado/alclapin-alquiler-de-departamento-en-miraflores-lima-2-dormitorios-149541072?n_src=Listado&n_pills=%C3%81rea+de+lavander%C3%ADa&n_pg=1&n_pos=11,50
149124024,Alquiler,Departamento,2026-04-18,"Orrantia Del Mar, San Isidro",San Isidro,"S/ 6,000 · USD 1,765",PEN,6000.0,500.0,6500.0,41.96,143,2.0,2.0,2.0,0,1,0,1,1,No especifica,143 m² tot. | 2 dorm. | 2 baños | 2 estac.,https://urbania.pe/inmueble/clasificado/alclapin-alquiler-de-departamento-en-orrantia-del-mar-san-isidro-2-dormitorios-149124024?n_src=Listado&n_pills=Guardian%C3%ADa%2FSeguridad+privada&n_pg=1&n_pos=13,50
149363467,Alquiler,Departamento,2026-04-18,"Miraflores, Lima",Miraflores,"S/ 6,900 · USD 2,000",PEN,6900.0,800.0,7700.0,53.08,130,2.0,2.0,2.0,1,0,1,0,0,No especifica,130 m² tot. | 2 dorm. | 2 baños | 2 estac.,https://urbania.pe/inmueble/clasificado/alclapin-alquiler-de-departamento-en-miraflores-lima-2-dormitorios-149363467?n_src=Listado&n_pills=Gimnasio&n_pg=1&n_pos=17,50
4286216,Alquiler,Departamento,2026-04-18,"Miraflores, Lima",Miraflores,"S/ 9,045 · USD 2,700",PEN,9045.0,1082.0,10127.0,28.62,316,3.0,1.0,3.0,1,1,1,0,0,No especifica,316 m² tot. | 3 dorm. | 1 baño | 3 estac.,https://urbania.pe/inmueble/clasificado/alclapin-alquiler-de-departamento-en-miraflores-lima-3-dormitorios-4286216?n_src=Listado&n_pills=Parrilla&n_pg=1&n_pos=20,50
148201540,Alquiler,Departamento,2026-04-18,"Miraflores, Lima",Miraflores,"S/ 7,480 · USD 2,200",PEN,7480.0,579.0,8059.0,37.4,200,3.0,2.0,2.0,0,0,0,1,1,No especifica,200 m² tot. | 3 dorm. | 2 baños | 2 estac.,https://urbania.pe/inmueble/clasificado/alclapin-alquiler-de-departamento-en-miraflores-lima-3-dormitorios-148201540?n_src=Listado&n_pills=%C3%81rea+de+lavander%C3%ADa&n_pg=1&n_pos=23,50
148806680,Alquiler,Departamento,2026-04-18,"Barranco, Lima",Barranco,"S/ 2,360 · USD 700",PEN,2360.0,490.0,2850.0,56.19,42,1.0,1.0,,0,0,0,0,0,No especifica,42 m² tot. | 1 dorm. | 1 baño,https://urbania.pe/inmueble/clasificado/alclapin-alquiler-de-departamento-en-barranco-lima-1-dormitorio-148806680?n_src=Listado&n_pills=Seguridad&n_pg=1&n_pos=24,50
148653778,Alquiler,Departamento,2026-04-18,"Lince, Lima",Lince,"S/ 2,530 · USD 750",PEN,2530.0,280.0,2810.0,52.71,48,1.0,1.0,,1,1,0,1,1,No especifica,48 m² tot. | 1 dorm. | 1 baño,https://urbania.pe/inmueble/clasificado/alclapin-alquiler-de-departamento-en-lince-lima-1-dormitorio-148653778?n_src=Listado&n_pills=Guardian%C3%ADa%2FSeguridad+privada&n_pg=1&n_pos=25,50
147474648,Alquiler,Departamento,2026-04-18,"Miraflores, Lima",Miraflores,"S/ 3,176 · USD 950",PEN,3176.0,450.0,3626.0,30.25,105,2.0,3.0,,0,0,0,0,0,No especifica,105 m² tot. | 2 dorm. | 3 baños,https://urbania.pe/inmueble/clasificado/alclapin-alquiler-de-departamento-en-miraflores-lima-2-dormitorios-147474648?n_src=Listado&n_pills=Cerca+a+colegios&n_pg=1&n_pos=26,50
149337170,Alquiler,Departamento,2026-04-18,"Miraflores, Lima",Miraflores,"S/ 4,685 · USD 1,350",PEN,4685.0,530.0,5215.0,46.85,100,2.0,2.0,1.0,0,1,1,1,1,No especifica,100 m² tot. | 2 dorm. | 2 baños | 1 estac.,https://urbania.pe/inmueble/clasificado/alclapin-alquiler-de-departamento-en-miraflores-lima-2-dormitorios-149337170?n_src=Listado&n_pills=%C3%81rea+de+lavander%C3%ADa&n_pg=1&n_pos=27,50
149450841,Alquiler,Departamento,2026-04-18,"Miraflores, Lima",Miraflores,"S/ 3,800 · USD 1,150",PEN,3800.0,400.0,4200.0,55.07,69,1.0,1.0,1.0,1,1,1,0,1,No especifica,69 m² tot. | 1 dorm. | 1 baño | 1 estac.,https://urbania.pe/inmueble/clasificado/alclapin-alquiler-de-departamento-en-miraflores-lima-1-dormitorio-149450841?n_src=Listado&n_pills=Seguridad&n_pg=1&n_pos=30,50
